ROUND	VISIT	NEMSLOCATIONINDICATOR	SINGSERVBEVYN	DIETCOKE12OZYN	DIETCOKE12OZPR	DIETCOKE12OZNOTE	ALTDIET12OZYN	ALTDIET12OZBRAND	ALTDIET12OZPR	ALTDIET12OZNOTE	COKE12OZYN	COKE12OZPR	COKE12OZNOTE	ALTSSB12OZYN	ALTSSB12OZBRAND	ALTSSB12OZPR	ALTSSB12OZNOTE	DIETCOKE16OZYN	DIETCOKE16OZPR	DIETCOKE16OZNOTE	ALTDIET16OZYN	ALTDIET16OZBRAND	ALTDIET16OZPR	ALTDIET16OZNOTE	COKE16OZYN	COKE16OZPR	COKE16OZNOTE	ALTSSB16OZYN	ALTSSB16OZBRAND	ALTSSB16OZPR	ALTSSB16OZNOTE	DIETCOKE20OZYN	DIETCOKE20OZPR	DIETCOKE20OZNOTE	ALTDIET20OZYN	ALTDIET20OZBRAND	ALTDIET20OZPR	ALTDIET20OZNOTE	COKE20OZYN	COKE20OZPR	COKE20OZNOTE	ALTSSB20OZYN	ALTSSB20OZBRAND	ALTSSB20OZPR	ALTSSB20OZNOTE	JUICE152OZYN	JUICE152OZBRAND1	JUICE152OZBRAND2	JUICE152OZBRAND3	JUICE152OZPR	JUICE152OZNOTE	ALTJUICESMSIZEYN	ALTJUICESMSIZEBRAND1	ALTJUICESMSIZEBRAND2	ALTJUICESMSIZEBRAND3	ALTJUICESMSIZEOZ	ALTJUICESMSIZEPR	ALTJUICESMSIZENOTE	JUICEDRNK152OZYN	JUICEDRNK152OZBRAND1	JUICEDRNK152OZBRAND2	JUICEDRNK152OZBRAND3	JUICEDRNK152OZOZ	JUICEDRNK152OZPR	JUICEDRNK152OZNOTE	ALTJUICEDRNKSMSIZEYN	ALTJUICEDRNKSMSIZEBRAND1	ALTJUICEDRNKSMSIZEBRAND2	ALTJUICEDRNKSMSIZEBRAND3	ALTJUICEDRNKSMSIZEPR	ALTJUICEDRNKSMSIZENOTE	BTLWATERYN	NOCARBLOCALYN	NOCARBLOCALCOUNT	MULTISRVYN	DIETCOKE2LYN	DIETCOKE2LPR	DIETCOKE2LNOTE	ALTDIET2LYN	ALTDIET2LBRAND	ALTDIET2LPR	ALTDIET2LNOTE	COKE2LYN	COKE2LPR	COKE2LNOTE	ALTSSB2LYN	ALTSSB2LBRAND	ALTSSB2LPR	ALTSSB2LNOTE	DIETCOKE6PK75OZYN	DIETCOKE6PK75OZPR	DIETCOKE6PK75OZNOTE	ALTDIET6PK75OZYN	ALTDIET6PK75OZBRAND	ALTDIET6PK75OZPR	ALTDIET6PK75OZNOTE	COKE6PK75OZYN	COKE6PK75OZPR	COKE6PK75OZNOTE	ALTSSB6PK75OZYN	ALTSSB6PK75OZBRAND	ALTSSB6PK75OZPR	ALTSSB6PK75OZNOTE	DIETCOKE12PK12OZYN	DIETCOKE12PK12OZPR	DIETCOKE12PK12OZNOTE	ALTDIET12PK12OZYN	ALTDIET12PK12OZBRAND	ALTDIET12PK12OZPR	ALTDIET12PK12OZNOTE	COKE12PK12OZYN	COKE12PK12OZPR	COKE12PK12OZNOTE	ALTSSB12PK12OZYN	ALTSSB12PK12OZBRAND	ALTSSB12PK12OZPR	ALTSSB12PK12OZNOTE	JUICE64OZYN	JUICE64OZBRAND1	JUICE64OZBRAND2	JUICE64OZBRAND3	JUICE64OZPR	JUICE64OZNOTE	ALTJUICE64OZYN	ALTJUICE64OZBRAND1	ALTJUICE64OZBRAND2	ALTJUICE64OZBRAND3	ALTJUICE64OZPR	ALTJUICE64OZNOTE	JUICEDRNK64OZYN	JUICEDRNK64OZBRAND1	JUICEDRNK64OZBRAND2	JUICEDRNK64OZBRAND3	JUICEDRNK64OZPR	JUICEDRNK64OZNOTE	ALTJUICEDRNK64OZYN	ALTJUICEDRNK64OZBRAND1	ALTJUICEDRNK64OZBRAND2	ALTJUICEDRNK64OZBRAND3	ALTJUICEDRNK64OZPR	ALTJUICEDRNK64OZNOTE	MULTISRVBTLWATERYN	MULTISRVNOCARBLOCALYN	MULTISRVNOCARBLOCALCOUNT	STORETYPE	INTLOCATION
1	1	G102B	 	1	.75	 	 	 	 	 	1	.75	 	 	 	 	 	0	 	 	0	 	 	 	0	 	 	0	 	 	 	1	1.5	 	 	 	 	 	1	1.5	 	 	 	 	 	1	 	 	OTHER	1.4	WELCH'S	 	 	 	 	 	 	 	1	 	 	OTHER	16	1.4	WELCH'S	 	 	 	 	 	 	1	1	4	1	1	2.29	 	 	 	 	 	1	2.29	 	 	 	 	 	0	 	 	 	 	 	 	1	4.39	 	 	 	 	 	1	5.49	 	 	 	 	 	1	5.49	 	 	 	 	 	1	MINUTE MAID	 	 	3.19	 	 	 	 	 	 	 	1	MINUTE MAID	 	 	1.99	 	 	 	 	 	 	 	1	1	5	GROCERY	ASSOCIATED SUPERMARKET. 905 FRANKLIN AVE. BKLYN, NY 11225 BTWN CARROLL AND CROWN STREETS
1	2	G102B	1	1	.75	 	 	 	 	 	1	 	 	 	 	 	 	0	 	 	0	 	 	 	1	1	16.9 OZ	 	 	 	 	1	1.5	 	 	 	 	 	1	1.5	 	 	 	 	 	1	 	TROPICANA	 	1.69	 	 	 	 	 	 	 	 	1	 	 	OTHER	16	1.3	 	 	 	 	 	 	 	1	1	5	1	1	2.19	SALE: 3/$5.	 	 	 	 	1	2.19	SALE 3/$5.	 	 	 	 	1	4.99	8PK, SALE:2/$7.	 	 	 	 	1	4.99	8 PACK, SALE:2/$7.	 	 	 	 	1	6.49	 	 	 	 	 	1	 	 	 	 	 	 	1	MINUTE MAID	 	 	3.19	SALE: 2/$4.	 	 	 	 	 	 	1	MINUTE MAID	 	 	1.99	SALE: 3/$5.	 	 	 	 	 	 	1	1	6	GROCERY	ASSOCIATED MARKETPLACE,  905 FRANKLIN AVE., BK
1	1	G103	1	0	 	 	1	DIER PEPSI	.75	 	1	.75	 	 	 	 	 	0	 	 	0	 	 	 	0	 	 	0	 	 	 	0	 	 	0	 	 	 	0	 	 	1	PEPSI	1.25	 	0	 	 	 	 	 	0	 	 	 	 	 	 	1	 	 	OTHER	16	1.25	SNAPPLE	 	 	 	 	 	 	1	0	0	1	0	 	 	1	PEPSI	1.99	 	1	1.99	 	 	 	 	 	1	4.99	 	 	 	 	 	0	 	 	1	PEPSI	3.99	 	1	5.99	 	 	 	 	 	1	5.99	 	 	 	 	 	1	MINUTE MAID	 	 	3.99	 	 	 	 	 	 	 	1	MINUTE MAID	 	 	1.99	 	 	 	 	 	 	 	1	1	2	GROCERY	FINE FARE SUPERMARKET 675 MORRIS AVE BRONX NY BTWN 153RD ST AND 154TH ST
1	1	G104B	1	0	 	 	0	 	 	 	0	 	 	1	PEPSI	 	FANTA ORANGE, SPRITE AVAILABLE	0	 	 	0	 	 	 	0	 	 	0	 	 	 	0	 	 	0	 	 	 	0	 	 	1	PEPSI	1.25	 	1	 	TROPICANA	 	1.67	3/$5..  FOUND IN BACK OF STORE OPEN FRIDGE	 	 	 	 	 	 	 	1	 	TROPICANA	OTHER	15.2	1.67	BACK OF STORE 3/$5.; TURKEY HILL DRINKS: .79 CENTS	 	 	 	 	 	 	1	0	0	1	1	2.19	 	 	 	 	 	1	2.19	 	 	 	 	 	1	4.49	8 PACK	 	 	 	 	1	4.49	8 PACK	 	 	 	 	1	6.99	 	 	 	 	 	1	6.99	 	 	 	 	 	1	MINUTE MAID	 	 	 	4.49-5.59	 	 	 	 	 	 	1	MINUTE MAID	 	 	2.39	3/$5.98 SALE	 	 	 	 	 	 	1	1	2	GROCERY	FINE FARE SUPERMARKET, 49 E MT EDEN AVE., BX'
1	1	G104C	1	0	 	 	0	 	 	 	0	 	 	1	FANTA ORANGE	 	 	0	 	 	0	 	 	 	0	 	 	0	 	 	 	1	1.25	 	 	 	 	 	1	1.25	 	 	 	 	 	0	 	 	 	 	 	1	 	 	OTHER	15.2	1.49	OCEAN SPRAY	0	 	 	 	 	 	 	1	 	 	OTHER	1.19	OKE	0	0	0	1	1	2.19	 	 	 	 	 	1	2.19	 	 	 	 	 	1	4.99	8PK, SALE: 4.49	 	 	 	 	1	4.99	8 PACK, SALE: 4:49	 	 	 	 	1	5.99	SALE 5.49	 	 	 	 	1	5.99	SALA- 5.49	 	 	 	 	1	MINUTE MAID	 	 	4.49	ON SALE: 2/$4.00	 	 	 	 	 	 	1	MINUTE MAID	 	 	2.49	ON SALE: 2/$3.00	 	 	 	 	 	 	1	1	1	GROCERY	PIONEER SUPERMARKET, 1345 CASTLE HILL AV., BX
1	1	G105	1	0	 	 	0	 	 	 	0	 	 	0	 	 	 	0	 	 	0	 	 	 	0	 	 	0	 	 	 	1	1.59	 	 	 	 	 	1	1.59	 	 	 	 	 	0	 	 	 	 	 	0	 	 	 	 	 	 	1	 	 	OTHER	20	1.19	SNAPPLE BEVERAGES	 	 	 	 	 	 	1	1	2	1	1	1.89	 	 	 	 	 	1	1.89	 	 	 	 	 	1	4.19	 	 	 	 	 	1	4.19	 	 	 	 	 	1	5.99	 	 	 	 	 	1	5.99	 	 	 	 	 	1	MINUTE MAID	 	 	4.29	 	 	 	 	 	 	 	1	MINUTE MAID	 	 	2.89	 	 	 	 	 	 	 	1	1	6	GROCERY	PATHMARK 1245 61ST BKLYN, NY 11219
1	1	G106	1	0	 	 	0	 	 	 	0	 	 	1	FANTA, SPRITE	1.49	BOTTLED	0	 	 	0	 	 	 	0	 	 	0	 	 	 	1	1.69	 	 	 	 	 	1	1.69	 	 	 	 	 	1	 	TROPICANA	OTHER	1.69	TROP, OCEAN SPRAY	 	 	 	 	 	 	 	1	 	 	OTHER	15.2	1.69	 	 	 	 	 	 	 	1	0	3	1	1	1.99	 	 	 	 	 	1	1.99	 	 	 	 	 	1	4.49	8 PACK 7.5OZ, 6PK 12 OZ: $3.99	 	 	 	 	1	4.49	8 PACK6.75 OZ	 	 	 	 	1	5.99	ON SALE: $4.99	 	 	 	 	1	5.99	ON SALE: $4.99	 	 	 	 	1	MINUTE MAID	 	 	5.29	SALE FOR 2.99	 	 	 	 	 	 	1	MINUTE MAID	 	 	2.59	SALE: 3/$5.00	 	 	 	 	 	 	1	1	4	GROCERY	MET FOOD MARKETS,76-10 37TH AV, QUEENS, NY,. LOW CAL SINGLE SERVE AVAILABLE IN SSB AISLE, NOT COLD OR NEAR FRONT
1	1	G107A	1	0	 	 	0	 	 	 	0	 	 	0	 	 	 	0	 	 	0	 	 	 	0	 	 	0	 	 	 	0	 	 	0	 	 	 	0	 	 	0	 	 	 	1	 	TROPICANA	 	1.69	IN OPEN FRIDGE WHERE LARGE JUICES FOUND	 	 	 	 	 	 	 	1	 	 	OTHER	16	1.49	ALSO IN OPEN FRIDGE LIKE SETTING ALONG OTHER COLD & SSB DRINKS	 	 	 	 	 	 	0	1	3	1	1	1.99	ON SALE:3/$5.	 	 	 	 	1	1.99	ON SALE 3/$5.	 	 	 	 	1	3.99	6 PK, 12 OZ	 	 	 	 	1	3.99	6 PK 12 OZ	 	 	 	 	1	5.99	 	 	 	 	 	1	 	 	 	 	 	 	1	 	TROPICANA	 	4.49	SALE 2/$6.00	 	 	 	 	 	 	1	MINUTE MAID	 	 	1.99	 	 	 	 	 	 	 	1	1	5	GROCERY	C-TOWN FRESH MARKET, 953 MANHATTAN AVE., BK. 11222
1	1	G108	1	0	 	 	0	 	 	 	0	 	 	0	 	 	 	0	 	 	0	 	 	 	0	 	 	0	 	 	 	1	2.19	 	 	 	 	 	1	2.19	 	 	 	 	 	0	 	 	 	 	 	1	 	TROPICANA	 	14	1.99	 	0	 	 	 	 	 	 	1	 	 	OTHER	1.59	16 OZ	1	1	5	1	1	2.39	 	 	 	 	 	1	2.39	 	 	 	 	 	1	4.79	8 PACK, 6.75OZ	 	 	 	 	1	4.79	8 PACK6.75 OZ	 	 	 	 	1	7.99	 	 	 	 	 	1	7.99	 	 	 	 	 	1	MINUTE MAID	 	 	5.49	 	 	 	 	 	 	 	1	 	TROPICANA	 	2.69	 	 	 	 	 	 	 	1	1	1	GROCERY	GRISTE  D'AGOSTINO,  815 10 THE AV., BET. 54-55 ST, NYC
1	1	G109A	1	0	 	 	0	 	 	 	0	 	 	0	 	 	 	0	 	 	0	 	 	 	0	 	 	0	 	 	 	1	1.99	ON SALE FOR 1.79	 	 	 	 	1	1.99	SALE 1.79	 	 	 	 	0	 	 	 	 	 	0	 	 	 	 	 	 	0	 	 	 	 	 	 	0	 	 	 	 	 	1	1	6	1	1	2.49	ON SALE 1.99	 	 	 	 	1	2.49	SALE FOR 1.99	 	 	 	 	0	 	 	 	 	 	 	0	 	 	 	 	 	 	1	7.99	6 PACK AVAILABLE IN 12 OZ. FOR 4.39/ ON SALE FOR 2.99 - DIET & REG.	 	 	 	 	1	7.99	 	 	 	 	 	1	 	 	OTHER	3.59	MM & TROP.AVAILABLE IN 59 OZ, BOTH $5.69	 	 	 	 	 	 	1	MINUTE MAID	TROPICANA	OTHER	2.79	SALE FOR: 2.19MM;TROP:1.99; OTHER: 1.99	 	 	 	 	 	 	1	1	6	GROCERY	GRISTEDES, 262 WEST 96TH ST., NYC
1	1	G110	1	0	 	 	0	 	 	 	0	 	 	0	 	 	 	0	 	 	0	 	 	 	0	 	 	0	 	 	 	1	1.79	 	 	 	 	 	1	1.79	 	 	 	 	 	0	 	 	 	 	 	1	 	TROPICANA	 	12	1.89	SALE 4/5.	0	 	 	 	 	 	 	1	 	 	OTHER	1.19	SALE:5/$5.00	1	1	2	1	1	1.99	SALE 1.89	 	 	 	 	1	1.99	SALE 1.89	 	 	 	 	1	4.59	8 PACK, 6.75OZ	 	 	 	 	1	4.59	8 PACK6.75 OZ	 	 	 	 	1	5.49	 	 	 	 	 	1	5.49	 	 	 	 	 	1	MINUTE MAID	 	 	4.19	SALE 2/$6.00	 	 	 	 	 	 	1	MINUTE MAID	 	 	2.39	SALE 2/$3.0	 	 	 	 	 	 	1	1	4	GROCERY	KEY FOOD, 183-14 HILLSIDE AV, QUEENS, INDIV. LOW CAL DRINKS NOT REFRIGERATED BUT IN VIEW NEAR FRONT SHELVES
1	1	G111A	1	0	 	 	0	 	 	 	0	 	 	0	 	 	 	0	 	 	0	 	 	 	0	 	 	0	 	 	 	0	 	 	1	PEPSI	1.25	VENDING MACH. INSIDE STORE	0	 	 	1	PEPSI	1.25	VENDING MACH. INSIDE STORE	0	 	 	 	 	 	1	 	 	OTHER	16	2.5	SALE: 4/$5., IN BACK OF STORE, NOT IN FRIDGE	1	 	 	OTHER	16	2.29	BODY ARMOR JUICE DRINK	 	 	 	 	 	 	1	1	5	1	1	1.79	ON SALE: 4/$5.00	 	 	 	 	1	1.79	ON SALE 4/$5.00	 	 	 	 	1	3.99	8 PACK, 6.75OZ	 	 	 	 	1	3.99	8 PACK6.75 OZ	 	 	 	 	1	5.49	 	 	 	 	 	1	5.49	 	 	 	 	 	1	MINUTE MAID	 	 	3.49	 	 	 	 	 	 	 	1	MINUTE MAID	 	 	2	2/$4; SALE: 5/$5.	 	 	 	 	 	 	1	1	6	GROCERY	44-44 COLLEGE POINT BLVD., QUEENS, LOW CAL DRINKS ONLY ONE IN FROM AREA FRIDGE, OTHERS IN BACK OF STORE
1	1	G112	1	0	 	 	0	 	 	 	0	 	 	1	SEAGRAMS GINGER ALE	.6	WASNT MUCH TO CHOOSE FROM IN TERMS OF SODAS	0	 	 	0	 	 	 	0	 	 	0	 	 	 	0	 	 	0	 	 	 	0	 	 	0	 	 	 	0	 	 	 	 	 	0	 	 	 	 	 	 	0	 	 	 	 	 	 	0	 	 	 	 	 	1	1	2	1	1	1.99	THERE WASN'T REALLY A GRAB AND GO SECTION. NOT A REGULAR SUPERMARKET. THEY DID H	 	 	 	 	1	1.99	 	 	 	 	 	0	 	 	0	 	 	 	0	 	 	0	 	 	 	1	5.5	THERE WERE ALSO 24 PACKS FOR 10.99	 	 	 	 	0	 	 	0	 	 	 	1	 	TROPICANA	 	3.59	 	 	 	 	 	 	 	1	 	 	OTHER	1.19	TROPICAL SPLASH BRAND	 	 	 	 	 	 	1	1	2	GROCERY	OCEAN BAY GROCERY 2424 CONEY ISLAND AVE. BKLYN NY
1	1	G113A	0	0	 	 	0	 	 	 	0	 	 	0	 	 	 	0	 	 	0	 	 	 	0	 	 	0	 	 	 	0	 	 	0	 	 	 	0	 	 	0	 	 	 	0	 	 	 	 	 	0	 	 	 	 	 	 	0	 	 	 	 	 	 	0	 	 	 	 	 	0	0	0	1	1	1.99	SALE PRICE 4/5.00	 	 	 	 	1	1.99	SALE 4/5.00	 	 	 	 	0	 	 	 	 	 	 	0	 	 	 	 	 	 	1	4.99	 	 	 	 	 	1	4.99	 	 	 	 	 	1	MINUTE MAID	TROPICANA	 	 	RANGE 4.99-5.39; MM 59 OZ SALE PRICE = 2/7.00	 	 	 	 	 	 	1	MINUTE MAID	TROPICANA	OTHER	 	RANGE: 1.29-4.69; MM&TROP 59 OZ ONLY, OTHER JUICE DRINKS 64 OZ	 	 	 	 	 	 	1	1	1	GROCERY	FINE FARE SUPERMARKET, 4477 B'DWAY, NEAR DYCKMAN/200 STREET.  AVAILABLE DIET AND REGULAR 20 OZ BOTTLES OF COKE.  SINGLE BEVERAGES, AVAILABLE IN VENDING MACHINES OUTSIDE STORE - ONLY 20 OZ BOTTLES, $1.
1	1	G114	1	0	 	 	0	 	 	 	0	 	 	0	 	 	 	0	 	 	0	 	 	 	0	 	 	0	 	 	 	1	1.5	BOTTLES WERE PRESENT IN VENDING MACHINES NO REGULAR SODA COOLERS	 	 	 	 	1	1.5	BOTTLES IN VENDING MACHINE	 	 	 	 	0	 	 	 	 	 	0	 	 	 	 	 	 	0	 	 	 	 	 	 	0	 	 	 	 	 	1	0	0	1	1	1.99	 	 	 	 	 	1	1.99	 	 	 	 	 	1	3.99	 	 	 	 	 	1	3.99	 	 	 	 	 	1	5.99	 	 	 	 	 	1	5.99	 	 	 	 	 	1	MINUTE MAID	 	 	3.99	 	 	 	 	 	 	 	1	MINUTE MAID	 	 	2.69	 	 	 	 	 	 	 	1	1	6	GROCERY	ASSOCIATED SUPERMARKET 871 FOREST AVENUEBRONX NY BTWN 160TH ST AND 161ST STREET
1	1	G116	1	1	1	JUST ONE CAN IN FRIGE AT MOMENT	 	 	 	 	1	1	 	 	 	 	 	0	 	 	0	 	 	 	0	 	 	0	 	 	 	1	1.5	2/$3; SALE: $1.39	 	 	 	 	1	1.5	2/$3; SALE: $1.39	 	 	 	 	0	 	 	 	 	 	1	 	 	OTHER	 	 	 	0	 	 	 	 	 	 	1	 	 	OTHER	 	 	1	1	3	1	1	1.79	ON SALE 2/$3.00	 	 	 	 	1	1.79	SALE 2/3.00	 	 	 	 	1	3.99	8 PACK 7.5OZ, 6PK 12 OZ: $3.99	 	 	 	 	1	3.99	6 PK 12 OZ OR 8 PK 7.5	 	 	 	 	1	5.99	ON SALE: $4.99	 	 	 	 	1	5.99	ON SALE: $4.99	 	 	 	 	1	MINUTE MAID	 	 	3.59	59 OZ	 	 	 	 	 	 	1	MINUTE MAID	 	 	2	2/$4; 59 OZ	 	 	 	 	 	 	1	1	3	GROCERY	WESTERN BEEF, 431 W. 16TH ST., NYC
1	2	G116	1	1	 	 	 	 	 	 	1	 	 	 	 	 	 	1	 	 	 	 	 	 	1	 	 	 	 	 	 	1	2.4	 	 	 	 	 	1	2.4	 	 	 	 	 	1	 	 	OTHER	2.99	NAKED	 	 	 	 	 	 	 	1	 	 	OTHER	15.2	2.99	 	 	 	 	 	 	 	1	1	3	1	1	1.79	 	 	 	 	 	1	1.79	 	 	 	 	 	1	3.99	 	 	 	 	 	1	3.99	 	 	 	 	 	1	5.49	 	 	 	 	 	1	5.49	 	 	 	 	 	1	MINUTE MAID	 	 	1.95	 	 	 	 	 	 	 	1	MINUTE MAID	 	 	1.08	 	 	 	 	 	 	 	1	1	2	GROCERY	WESTERN BEEF
1	1	G117A	1	0	 	 	0	 	 	 	0	 	 	1	ORANGE CRUSH, BRISK ICED TEA	.5	2/$1.00	0	 	 	0	 	 	 	0	 	 	0	 	 	 	0	 	 	0	 	 	 	0	 	 	0	 	 	 	1	 	TROPICANA	 	1.59	 	 	 	 	 	 	 	 	1	 	TROPICANA	 	16	1.29	 	 	 	 	 	 	 	1	1	3	1	1	1.99	 	 	 	 	 	1	1.99	 	 	 	 	 	1	4.99	SALE:$4.59; 8 PACK, 6.75OZ	 	 	 	 	1	4.99	SALE: 4.59, 8 PACK6.75 OZ	 	 	 	 	1	5.99	SALE: $5.49	 	 	 	 	1	5.99	SALA- 5.49	 	 	 	 	1	MINUTE MAID	 	 	4.19	 	 	 	 	 	 	 	1	MINUTE MAID	 	 	2.39	ON SALE: 2/$3.00	 	 	 	 	 	 	1	1	6	GROCERY	BONAVITA - KEY FOOD 751 LYDIG AVE./HOLLAND AV., BX
1	1	G118	1	1	1	 	 	 	 	 	1	1	 	 	 	 	 	0	 	 	0	 	 	 	0	 	 	0	 	 	 	0	 	 	0	 	 	 	0	 	 	0	 	 	 	0	 	 	 	 	 	1	 	 	OTHER	16	4.49	ONLY SINGLE SERVE: POM JUICE	0	 	 	 	 	 	 	1	 	 	OTHER	1.59	MISTIC	1	0	0	1	0	 	 	1	COKE ZERO	2.09	 	1	2.09	 	 	 	 	 	 	 	 	 	 	 	 	 	 	 	 	 	 	 	0	 	 	 	 	 	 	1	5.49	NOW ON SALE FOR 4.99 SALE PRICE	 	 	 	 	1	 	TROPICANA	 	4.69	AS PER ATTENDANT: 64 OZ AS REQUIRED FOR WIC PROGRAM!!	 	 	 	 	 	 	0	 	 	 	 	 	1	MINUTE MAID	TROPICANA	OTHER	 	RANGE: 1.69-3.89; 59 OZ	1	1	2	GROCERY	BRAVO SPERMARKET , 4261 B'DWAY/181ST
1	1	G124A	1	0	 	 	0	 	 	 	1	.75	 	 	 	 	 	0	 	 	0	 	 	 	0	 	 	0	 	 	 	0	 	 	0	 	 	 	0	 	 	0	 	 	 	0	 	 	 	 	 	0	 	 	 	 	 	 	0	 	 	 	 	 	 	0	 	 	 	 	 	1	0	1	1	1	1.99	 	 	 	 	 	1	1.99	 	 	 	 	 	0	 	 	 	 	 	 	0	 	 	 	 	 	 	1	5.49	 	 	 	 	 	1	5.49	 	 	 	 	 	1	MINUTE MAID	TROPICANA	OTHER	5.19	TROPICANA 64 OZ = 5.19; MINUTE MAID 59 OZ SALE PRICE = 2.99; TROPICANA  59 OZ SA	 	 	 	 	 	 	1	MINUTE MAID	TROPICANA	OTHER	 	RANGE: 1.35-1.99	 	 	 	 	 	 	1	1	3	GROCERY	ASSOCIATED SUPERMARKET
1	1	G125	1	0	 	 	0	 	 	 	0	 	 	0	 	 	 	0	 	 	0	 	 	 	0	 	 	0	 	 	 	0	 	 	1	PEPSI	1.41	 	0	 	 	1	PEPSI	1.41	 	0	 	 	 	 	 	1	 	 	OTHER	16	4.49	POM	1	 	 	OTHER	8.3	 	BEST	 	 	 	 	 	 	1	1	1	1	1	1.99	SALE: 4/$5.00	 	 	 	 	1	1.9	ON SALE 4/$5.00	 	 	 	 	1	4.99	8 PACK, 6.75OZ	 	 	 	 	1	4.99	8 PACK6.75 OZ	 	 	 	 	1	5.99	ON SALE: $4.99	 	 	 	 	1	5.99	ON SALE: $4.99	 	 	 	 	1	MINUTE MAID	 	 	4.99	ON SALE: $3.99	 	 	 	 	 	 	1	MINUTE MAID	 	 	2.59	SALE: 3/$5.00	 	 	 	 	 	 	1	1	4	GROCERY	BIG DEAL FOOD MARKET, 1018 MORRIS PK AVE., BX
1	1	G127B	1	0	 	 	0	 	 	 	0	 	 	1	PEPSI	1.25	BOTTLE	0	 	 	0	 	 	 	0	 	 	0	 	 	 	0	 	 	1	PEPSI	1.49	FRIDGE ALL THE WAY BACK BY DELI COUNTER,	0	 	 	1	PEPSI	1.49	FRIDGE IN BACK BY DELI COUNTER	0	 	 	 	 	 	1	 	TROPICANA	 	14	1.79	IN BIG OPEN FRIDGE WITH OTHER BIG JUICES/J DRINKS	0	 	 	 	 	 	 	1	 	 	OTHER	1.19	SNAPPLE, LOCATED ON ISLE WITH SSB DRINKS	0	1	2	1	1	1.99	SALE 3/$5.	 	 	 	 	1	1.99	SALE 3/$5.	 	 	 	 	1	4.49	8 PACK, 6.75OZ	 	 	 	 	1	4.49	8 PACK6.75 OZ	 	 	 	 	1	6.79	 	 	 	 	 	1	6.79	 	 	 	 	 	1	 	TROPICANA	 	4.29	SALE: 3.99	 	 	 	 	 	 	1	MINUTE MAID	 	 	2.39	 	 	 	 	 	 	 	1	1	5	GROCERY	FOODTOWN SUPERMARKET, 82-10 BAXTER AVE., QUEENS, NY
1	1	G128	0	0	 	 	0	 	 	 	0	 	 	0	 	 	 	0	 	 	0	 	 	 	0	 	 	0	 	 	 	0	 	 	0	 	 	 	0	 	 	 	 	 	 	0	 	 	 	 	 	0	 	 	 	 	 	 	0	 	 	 	 	 	 	0	 	 	 	 	 	0	0	0	1	1	1.99	 	 	 	 	 	1	1.99	 	 	 	 	 	0	 	 	 	 	 	 	0	 	 	 	 	 	 	1	6.49	 	 	 	 	 	1	6.49	 	 	 	 	 	1	MINUTE MAID	 	 	4.39	 	 	 	 	 	 	 	1	MINUTE MAID	 	 	2	 	 	 	 	 	 	 	1	1	2	GROCERY	C-TOWN 146 E. 98 STREET BKLYN, NY 11212 BTWN BLAKE AND WINTHROP ST
1	2	G128	1	0	 	 	0	 	 	 	0	 	 	0	 	 	 	0	 	 	0	 	 	 	0	 	 	0	 	 	 	0	 	 	0	 	 	 	0	 	 	0	 	 	 	1	 	 	OTHER	1.19	SALE:$.99. WELCHE'S BRAND	 	 	 	 	 	 	 	1	 	 	OTHER	16	 	SALEA:$.99	 	 	 	 	 	 	0	1	3	1	1	1.99	SALE 3/$5.	 	 	 	 	1	1.99	ON SALE 3/$5.	 	 	 	 	0	 	 	0	 	 	 	0	 	 	1	PEPSI	4.69	8 PACK BOTTLE	1	6.49	 	 	 	 	 	1	 	 	 	 	 	 	1	MINUTE MAID	 	 	4.69	SALE 2/$6.00	 	 	 	 	 	 	1	MINUTE MAID	 	 	2.39	ON SALE: 2/$4.0	 	 	 	 	 	 	1	1	6	GROCERY	C-TOWN, 146 EAST 98TH STREET, BK. NO GRAB-N-GO FRIDGE IN STORE. DRINKS AVAILABLE FOUND ON SHELVES
1	1	G130	1	0	 	 	0	 	 	 	0	 	 	0	 	 	 	0	 	 	0	 	 	 	0	 	 	0	 	 	 	1	1.59	 	 	 	 	 	1	1.59	 	 	 	 	 	1	 	TROPICANA	 	 	14OZ	 	 	 	 	 	 	 	1	 	 	OTHER	13.5	 	SIMPLY LEMONADE	 	 	 	 	 	 	1	1	3	1	1	1.89	 	 	 	 	 	1	1.89	 	 	 	 	 	0	 	 	 	 	 	 	0	 	 	 	 	 	 	1	3.99	 	 	 	 	 	1	3.99	 	 	 	 	 	1	 	 	OTHER	2.99	MOTTS AND OCEANSPRAY	 	 	 	 	 	 	1	 	 	OTHER	3.69	OCEANSPRAY	 	 	 	 	 	 	1	1	3	GROCERY	ASSOCIATED 96TH AND LEX
1	1	G130A	1	0	 	 	1	MOUNTAIN DEW	.75	.86 WTH TX	0	 	 	1	PEPSI	.75	.86 WTH TX	0	 	 	0	 	 	 	0	 	 	0	 	 	 	1	1.79	 	 	 	 	 	1	1.79	 	 	 	 	 	0	 	 	 	 	 	1	 	TROPICANA	 	12	1.89	NOT NEAR FRONT OR CASH REG BUT IN OPEN FRIDGE WERE LARGE JUICES ARE FOUND	0	 	 	 	 	 	 	1	 	 	OTHER	1.19	SNAPPLE	1	1	1	1	1	1.99	 	 	 	 	 	1	1.99	 	 	 	 	 	1	4.99	8 PACK 7.5OZ, 6PK 12 OZ: $3.99	 	 	 	 	1	4.99	8 PACK	 	 	 	 	1	6.49	ON SALE: 5.49	 	 	 	 	1	6.49	SALE:  5.49	 	 	 	 	1	 	TROPICANA	 	4.39	SALE FOR 2.99	 	 	 	 	 	 	1	MINUTE MAID	 	 	2.39	SALE: 2/3.00	 	 	 	 	 	 	1	1	6	GROCERY	KEY FOOD, 22-15 31ST ST, QUEENS, NY
1	1	G132	1	0	 	 	0	 	 	 	0	 	 	0	 	 	 	0	 	 	0	 	 	 	0	 	 	0	 	 	 	0	 	 	1	PEPSI	1.5	AVAILABLE IN VENDING MACHINE BET DOUBLE EXIT DOOR	0	 	 	1	PEPSI	1.5	AVAILABLE IN VENDING MACH LOCATED BET. DOUBLE EXIT DOOR	0	 	 	 	 	 	1	 	 	OTHER	16	2.5	2.50; ON SALE:4/5; APPLE & EVE, NOT COLD BUT ON JUICE ISLE	1	 	 	OTHER	16	 	SALE:3/$3.	 	 	 	 	 	 	1	1	3	1	1	1.79	SALE:4/$5.	 	 	 	 	1	1.79	ON SALE 4/$5.	 	 	 	 	1	3.99	8 PACK, 6.75OZ	 	 	 	 	1	3.99	8 PACK6.75 OZ	 	 	 	 	1	5.49	 	 	 	 	 	1	5.49	 	 	 	 	 	 	 	 	 	 	 	 	 	 	 	 	 	 	 	 	 	 	 	 	 	 	 	 	 	1	1	6	GROCERY	WESTERN BEEF, 2050 WEBSTER AV., BOX. VENDING MACHINE INSIDE STORE "DOUBLE DOORS", AND UPON EXIT.  AVAILABLE: 20 OZ PEPSI BEVERAGES; WATER.  NO OTHER FRIDGE AVAILABLE WITH SSB INSIDE STORE OR NEAR CASH
1	1	G134	1	0	 	 	0	 	 	 	0	 	 	1	FANTA, SPRITE, DR BROWN BLACK CHERRY	 	 	1	1	16.9 OZ	 	 	 	 	1	1	16.9	 	 	 	 	0	 	 	0	 	 	 	0	 	 	0	 	 	 	1	 	TROPICANA	 	1.69	3/$5., FOUND IN BACK OPEN FRIDGE WTH BIG JUICE	 	 	 	 	 	 	 	0	 	 	 	 	 	 	1	 	 	OTHER	1.67	SALE: 5/$5., SNAPPLE, FOUND IN AISLE ALONG WITH SSB AND LOW CAL	1	1	2	1	1	1.67	SALE:3/$5."	 	 	 	 	1	1.67	SALE: 3/$5"	 	 	 	 	1	4.99	8 PACK, 6.75OZ	 	 	 	 	1	4.99	8 PACK6.75 OZ	 	 	 	 	1	5.99	 	 	 	 	 	1	 	 	 	 	 	 	1	MINUTE MAID	 	 	3.99	 	 	 	 	 	 	 	1	MINUTE MAID	 	 	1.69	"SALE 3/$5.",	 	 	 	 	 	 	1	1	6	GROCERY	C-TOWN SUPERMARKET., 325 LAFAYETTE AVE., BK. SINGLE SERVE LOW CAL. AVAILABLE IN AISLE WHERE OTHER SSBS ARE.
1	1	G135	1	0	 	 	0	 	 	 	0	 	 	1	MOUNTAIN DEW	 	 	0	 	 	0	 	 	 	0	 	 	0	 	 	 	1	1.5	 	 	 	 	 	1	1.5	 	 	 	 	 	1	 	TROPICANA	 	1.5	12 OZ	 	 	 	 	 	 	 	1	 	 	OTHER	16	 	SUNNY D	 	 	 	 	 	 	1	1	1	1	1	1.99	 	 	 	 	 	1	1.99	 	 	 	 	 	0	 	 	0	 	 	 	0	 	 	0	 	 	 	1	6.99	 	 	 	 	 	1	 	 	 	 	 	 	1	MINUTE MAID	 	 	4.59	SALE:$2.99	 	 	 	 	 	 	1	MINUTE MAID	 	 	2.49	SALE: 3/$5.	 	 	 	 	 	 	1	1	4	GROCERY	KEY FOOD SUPERMARKET FOR SAVINGS 29 BELMONT AVE.,/ THATFORD AVE.,  BK.
1	1	G135A	1	0	 	 	0	 	 	 	0	 	 	0	 	 	 	0	 	 	0	 	 	 	0	 	 	0	 	 	 	1	1.25	 	 	 	 	 	1	1.25	 	 	 	 	 	1	 	 	OTHER	1.5	APPLE AND EVE BRAND	 	 	 	 	 	 	 	0	 	 	 	 	 	 	 	 	 	 	 	 	1	1	1	1	1	1.99	 	 	 	 	 	1	1.99	 	 	 	 	 	0	 	 	 	 	 	 	0	 	 	 	 	 	 	1	5.49	 	 	 	 	 	1	5.49	 	 	 	 	 	1	MINUTE MAID	 	 	4.69	 	 	 	 	 	 	 	1	 	 	 	1.99	 	 	 	 	 	 	 	1	1	4	GROCERY	CROWN HEIGHTS INTERNATIONAL FOOD PLACE. 840 E.NEW YORK AVE. BROOKLYN NY 11213 BTWN SCHENECTADY AND TROY AVENUES
1	2	G135A	1	1	.75	FRIDGE INSIDE STORE BUT ON WAIT OUT	 	 	 	 	1	 	FRIDGE INSIDE STORE ON SIDE AS YOU LEAVE	 	 	 	 	0	 	 	0	 	 	 	0	 	 	0	 	 	 	1	1.25	 	 	 	 	 	1	1.25	 	 	 	 	 	0	 	 	 	 	 	1	 	 	OTHER	16	1.25	4/$5. SIGN BUT REG PRICE AS WELL	0	 	 	 	 	 	 	1	 	 	OTHER	1.25	4/$5. SALE SIGN BUT REG. PRICE SAME: 1.25	1	1	1	1	1	1.99	 	 	 	 	 	1	1.99	 	 	 	 	 	1	4.99	8 PACK, 6.75OZ	 	 	 	 	1	4.99	8 PACK6.75 OZ	 	 	 	 	1	5.99	SALE 5.49	 	 	 	 	1	5.99	SALE $ 5.49	 	 	 	 	1	MINUTE MAID	 	 	 	CARTON = 4.98; CARTON SALE = 2/4.98 (MM OJ); 59 OZ BOTTLE = 3.99	 	 	 	 	 	 	1	MINUTE MAID	 	 	2.49	SALE: $1.99	 	 	 	 	 	 	1	1	4	GROCERY	CROWN HEIGHTS INT'L FOOD PLAZA, 840 E. NY AVE., BK
1	1	G138	1	0	 	 	0	 	 	 	0	 	 	0	 	 	 	0	 	 	0	 	 	 	0	 	 	0	 	 	 	1	1.99	 	 	 	 	 	1	1.99	 	 	 	 	 	1	 	TROPICANA	 	1.75	12 OZ, IN OPEN FRIDGE TOWARD BACK AREA	 	 	 	 	 	 	 	1	 	TROPICANA	 	12	 	IN BACK OPEN FRIDGE	 	 	 	 	 	 	1	1	6	1	1	2.29	 	 	 	 	 	1	2.29	 	 	 	 	 	1	4.99	 	 	 	 	 	1	4.99	 	 	 	 	 	1	6.99	 	 	 	 	 	1	 	 	 	 	 	 	1	MINUTE MAID	 	 	4.29	 	 	 	 	 	 	 	1	MINUTE MAID	 	 	2.49	 	 	 	 	 	 	 	1	1	6	GROCERY	FOOD EMPORIUM, 452 W. 43RD ST., , BET. 9&10 AV LOW CAL. SINGLE SERVING AVAILABLE, NOT IN FRIDGE, IN MORE THAN ONE AISLE. ONE AVAILABLE UP FRONT, FRIDGE
1	1	G203	 	0	 	 	0	 	 	 	0	 	 	0	 	 	 	0	 	 	0	 	 	 	0	 	 	0	 	 	 	1	1.79	 	 	 	 	 	1	1.79	 	 	 	 	 	0	 	 	 	 	 	0	 	 	 	 	 	 	0	 	 	 	 	 	 	0	 	 	 	 	 	1	1	1	1	1	1.89	 	 	 	 	 	1	1.89	 	 	 	 	 	1	3.59	 	 	 	 	 	1	3.59	 	 	 	 	 	1	5.29	 	 	 	 	 	1	5.29	 	 	 	 	 	1	MINUTE MAID	 	 	3.59	59OZ	 	 	 	 	 	 	1	MINUTE MAID	 	 	2.29	 	 	 	 	 	 	 	1	1	6	GROCERY	SHOP RITE 100 PASSAIC AVE. KEARNY NJ 07032
1	2	G203	1	1	.75	VENDING MACH INSIDE STORE	 	 	 	 	1	 	VEND. MACH INSIDE STORE	 	 	 	 	0	 	 	0	 	 	 	0	 	 	0	 	 	 	1	1.79	 	 	 	 	 	1	1.79	 	 	 	 	 	1	 	 	OTHER	1.49	V8	 	 	 	 	 	 	 	1	 	 	OTHER	16	 	V8 SPLASH	 	 	 	 	 	 	1	1	6	1	1	1.79	 	 	 	 	 	1	1.79	 	 	 	 	 	1	3.69	8 PACK, 6.75OZ	 	 	 	 	1	3.69	8 PACK6.75 OZ	 	 	 	 	1	4.69	ON SALE: 2/$9.	 	 	 	 	1	4.5	2/$9.00	 	 	 	 	1	MINUTE MAID	 	 	2.99	 	 	 	 	 	 	 	1	MINUTE MAID	 	 	2.29	 	 	 	 	 	 	 	1	1	6	GROCERY	SHOPRITE, 100 PASSAIC AVE, KEARNY, NJ, NEAR LINCOLN AV & BELGROVE DRIVE.  SINGLE SERVE LOW CAL ALSO AVAILABLE IN SSB / AISLE
1	1	G205	1	0	 	 	0	 	 	 	1	.99	 	 	 	 	 	0	 	 	0	 	 	 	0	 	 	0	 	 	 	1	1.59	 	 	 	 	 	1	1.59	 	 	 	 	 	0	 	 	 	 	 	0	 	 	 	 	 	 	1	 	 	OTHER	20	1.59	HAWAIIAN PUNCH	 	 	 	 	 	 	1	1	2	1	1	1.79	 	 	 	 	 	1	1.79	 	 	 	 	 	0	 	 	0	 	 	 	0	 	 	0	 	 	 	1	5.49	 	 	 	 	 	1	5.49	 	 	 	 	 	1	MINUTE MAID	 	 	5.29	 	 	 	 	 	 	 	1	MINUTE MAID	 	 	2.29	 	 	 	 	 	 	 	1	1	3	GROCERY	810 N 6TH STREET. NEWARK NJ 07107
1	2	G205	1	0	 	 	0	 	 	 	1	1	BOTTLED COKE	 	 	 	 	0	 	 	0	 	 	 	0	 	 	0	 	 	 	1	1.49	 	 	 	 	 	1	1.49	 	 	 	 	 	1	 	TROPICANA	 	1.59	14 OZ, LOCATED IN BACK OPEN FRIDGE	 	 	 	 	 	 	 	1	 	 	OTHER	20	1.39	 	 	 	 	 	 	 	1	1	2	1	1	1.79	 	 	 	 	 	1	1.79	 	 	 	 	 	0	 	 	0	 	 	 	0	 	 	1	PEPSI	3.99	4 PCK, BOTTLED	0	 	 	1	PEPSI	5.49	 	1	5.49	 	 	 	 	 	1	MINUTE MAID	 	 	4.59	$2.79 SALE PRICE	 	 	 	 	 	 	1	MINUTE MAID	 	 	2.29	4/$5. SALE	 	 	 	 	 	 	1	1	4	GROCERY	SUPER SUPER MARKET,  810 N 6TH ST, NEAWRK, NJ
1	1	G206	1	1	.75	 	 	 	 	 	1	.75	 	 	 	 	 	0	 	 	0	 	 	 	0	 	 	0	 	 	 	1	1.29	 	 	 	 	 	1	1.29	 	 	 	 	 	0	 	 	 	 	 	1	 	TROPICANA	 	14	1.49	 	0	 	 	 	 	 	 	0	 	 	 	 	 	1	1	4	1	1	1.89	ON SALE FOR 5/$6.00	 	 	 	 	1	1.89	ON SALE 5/$6.00	 	 	 	 	1	3.99	6PCK: 12OZ FOR:4.69, 8 PACK, 7.5OZ	 	 	 	 	1	3.99	6 PK 12 OZ, 4.69; 8 PACK, 7.5OZ	 	 	 	 	1	5.99	 	 	 	 	 	1	5.99	 	 	 	 	 	1	MINUTE MAID	TROPICANA	OTHER	4.69	MINUTE MAID 59 OZ ONLY	 	 	 	 	 	 	1	MINUTE MAID	TROPICANA	OTHER	2.49	MM; 59 OZ ONLY	 	 	 	 	 	 	1	1	6	GROCERY	C-TOWN, 885 BERGEN AV., JC NEMS-S DONE ON PAPER EARLIER THIS AFTERNOON, TABLET NOT WORKING THUS ENTERING DATA NOW.
1	1	G208	1	1	.79	 	 	 	 	 	1	 	 	 	 	 	 	0	 	 	0	 	 	 	0	 	 	0	 	 	 	1	1.69	 	 	 	 	 	1	1.69	 	 	 	 	 	1	 	TROPICANA	 	1.49	14 OZ, LOCATED IN BACK OPEN FRIDGE	 	 	 	 	 	 	 	1	 	 	OTHER	16	1.09	SNAPPLE JUICE PUNCH/DRINKS	 	 	 	 	 	 	1	1	3	1	1	1.79	3/$5.00 SALE	 	 	 	 	1	1.79	3/$5. SALE	 	 	 	 	1	3.99	2/$6. SALE	 	 	 	 	1	3.99	2/$6. SALE	 	 	 	 	1	5.49	 	 	 	 	 	1	 	 	 	 	 	 	1	MINUTE MAID	 	 	4.79	PURE SQUEEZED	 	 	 	 	 	 	1	MINUTE MAID	 	 	2.59	3/$5.00 SALE	 	 	 	 	 	 	1	1	6	GROCERY	A&J SEA BRA SUPERMARKET, 260 LAFAYETTE ST., NEWARK, NJ.   SOME SINGLE SERVE LOW CAL. IN BACK AISLES/BEV. VENDING MACH. OUTSIDE STORE - 20 OZ. COKE/DIET, DASANI WATER
1	1	G209	1	0	 	 	0	 	 	 	0	 	 	0	 	 	 	0	 	 	0	 	 	 	0	 	 	0	 	 	 	1	1.79	 	 	 	 	 	1	1.79	 	 	 	 	 	0	 	 	 	 	 	1	 	 	OTHER	12	1.49	 	0	 	 	 	 	 	 	0	 	 	 	 	 	1	1	2	1	1	1.79	ON SALE:5/$5.	 	 	 	 	1	1.79	ON SALE'5/$5.	 	 	 	 	0	 	 	 	 	 	 	0	 	 	 	 	 	 	1	4.69	ON SALE: 2/$9.	 	 	 	 	1	4.69	ON SALE: 2/$9.	 	 	 	 	1	 	 	OTHER	1.99	STORE BRAND, MM& TROP. IN 59 OZ ; MM:2.99;TROP:3.49	 	 	 	 	 	 	0	 	 	 	 	 	1	MINUTE MAID	TROPICANA	OTHER	 	RANGE: 1.99-2.29; ONLY 59 OZ	1	1	6	GROCERY	SHOPRITE, 400 MARIN BLVD, GIGANTIC STORE, GRAB AND GO FRIGES IN MORE THAN ONE PLACE
1	1	G210	1	0	 	 	0	 	 	 	0	 	 	0	 	 	 	0	 	 	0	 	 	 	0	 	 	0	 	 	 	1	1.69	 	 	 	 	 	1	1.69	 	 	 	 	 	1	MINUTE MAID	 	 	1.59	ORANGE AND APPLE	 	 	 	 	 	 	 	0	 	 	 	 	 	 	0	 	 	 	 	 	1	1	3	1	1	1.89	 	 	 	 	 	1	1.89	 	 	 	 	 	1	3.69	 	 	 	 	 	1	3.69	 	 	 	 	 	1	5.79	 	 	 	 	 	1	5.79	 	 	 	 	 	1	 	TROPICANA	 	3.99	ORANGE 59 OZ	 	 	 	 	 	 	1	MINUTE MAID	 	 	2.99	59 OZ	 	 	 	 	 	 	1	1	6	GROCERY	232 CENTRAL AVENUE. JERSEY CITY NJ
1	2	G210	1	0	 	 	0	 	 	 	0	 	 	0	 	 	 	0	 	 	0	 	 	 	0	 	 	0	 	 	 	1	1.69	 	 	 	 	 	1	1.69	 	 	 	 	 	1	MINUTE MAID	 	OTHER	1.79	 	 	 	 	 	 	 	 	0	 	 	 	 	 	 	0	 	 	 	 	 	1	1	2	1	1	1.89	 	 	 	 	 	1	1.89	 	 	 	 	 	0	 	 	 	 	 	 	0	 	 	 	 	 	 	1	5.79	SALE PRICE 4.99	 	 	 	 	1	5.79	SALE 4.99	 	 	 	 	0	 	 	 	 	 	1	MINUTE MAID	TROPICANA	OTHER	 	MM 59 OZ = 2.99; TROP. 59 OZ = 3.99; SALE = 2/6.00	1	MINUTE MAID	 	OTHER	2.79	2/4.00 SALE-FRUIT PUNCH, MM; MM ONLY IN 59 OZ.,  'OTHERS' PRICE VARY FM 1.00-3.4	 	 	 	 	 	 	1	1	3	GROCERY	STOP AND SHOP, 232 CENTRAL AV.,/FRANKLIN ST
1	1	G211	1	1	.75	 	 	 	 	 	1	.75	 	 	 	 	 	0	 	 	0	 	 	 	0	 	 	0	 	 	 	1	1.69	 	 	 	 	 	1	1.69	 	 	 	 	 	0	 	 	 	 	 	1	 	TROPICANA	 	10	.99	 	0	 	 	 	 	 	 	 	 	 	 	 	 	1	1	1	1	1	1.99	ON SALE 5/6.00	 	 	 	 	1	1.99	SALE 5/6.00	 	 	 	 	0	 	 	 	 	 	 	0	 	 	 	 	 	 	1	4.29	ON SALE 3.99	 	 	 	 	1	4.29	ON SALE 3.99	 	 	 	 	0	 	 	 	 	 	1	MINUTE MAID	TROPICANA	 	 	3.99; 4.49 TROP.ONLY 59 OZ AVAILABLE OK N MM & YICANA 4.49	1	 	 	OTHER	2.69	MM J. DRINKS AVAILABLE IN 59 OZ, SAME FOR TROP.	 	 	 	 	 	 	1	0	0	GROCERY	CTOWN, 506 CENTRAL AV, JC
1	2	G211	 	0	 	 	0	 	 	 	0	 	 	1	PEPSI	.75	 	0	 	 	 	 	 	 	0	 	 	 	 	 	 	1	1.59	 	 	 	 	 	1	1.59	 	 	 	 	 	0	 	 	 	 	 	 	 	 	 	 	 	 	0	 	 	 	 	 	 	 	 	 	 	 	 	1	1	1	1	1	1.99	 	 	 	 	 	1	1.99	 	 	 	 	 	1	4.29	8 PACK NOT 6	 	 	 	 	1	4.29	8 PACK NOT 6	 	 	 	 	1	6.49	3.99 ON SALE THIS WEEK	 	 	 	 	1	6.49	3.99 ON SALE THIS WEEK	 	 	 	 	1	MINUTE MAID	TROPICANA	OTHER	 	4.79-4.99 ALL BRANDS; DOLE IS OTHER BRAND 59OZ	 	 	 	 	 	 	1	MINUTE MAID	TROPICANA	 	2.59	59 OZ	 	 	 	 	 	 	1	1	3	GROCERY	C-TOWN 506 CENTRAL AVE. JERSEY CITY NJ BTWN GRAHAM AND NORTH STREETS
1	1	G212	1	0	 	 	0	 	 	 	0	 	 	0	 	 	 	0	 	 	0	 	 	 	0	 	 	0	 	 	 	1	1.59	 	 	 	 	 	1	1.59	 	 	 	 	 	0	 	 	 	 	 	0	 	 	 	 	 	 	0	 	 	 	 	 	 	0	 	 	 	 	 	1	1	2	1	1	1.89	 	 	 	 	 	1	1.89	 	 	 	 	 	1	3.39	 	 	 	 	 	1	3.39	 	 	 	 	 	1	5.99	 	 	 	 	 	1	5.99	 	 	 	 	 	1	MINUTE MAID	 	 	3.49	 	 	 	 	 	 	 	1	MINUTE MAID	 	 	2.49	 	 	 	 	 	 	 	1	1	6	GROCERY	PATHMARK 420 GRAND ST. JERSEY CITY NJ 07303 @MONMOUTH STREET.
1	1	G223	1	1	.79	 	 	 	 	 	1	.79	 	 	 	 	 	0	 	 	0	 	 	 	0	 	 	0	 	 	 	1	1.69	 	 	 	 	 	1	1.69	 	 	 	 	 	0	 	 	 	 	 	1	 	TROPICANA	 	14	1.49	 	0	 	 	 	 	 	 	1	 	 	OTHER	 	RANGE 1.09-1.25	1	1	2	1	1	1.79	ON SALE: 4/$5.00	 	 	 	 	1	1.79	ON SALE 4/$5.	 	 	 	 	1	3.99	8 PACK; 6PCK-8OZ:$4.79,	 	 	 	 	1	3.99	8 PACK	 	 	 	 	1	5.49	SALE PRICE: 3/$13.	 	 	 	 	1	5.49	SALE PRICE: 3/$13.00	 	 	 	 	1	 	TROPICANA	OTHER	4.49	59 OZ, ON SALE FOR 2.99	 	 	 	 	 	 	1	MINUTE MAID	 	 	2.49	59 OZ, VARIETY; NO OJ	 	 	 	 	 	 	1	1	6	GROCERY	A&J SEA BRA SUPERMARKET, 260 LAFAYETTE ST'NEWARK 20OZ COKACOLA DRINKS AVAILABLE AT SODA MACH. OUTSIDE STORE/FRONT: $1.50 EACH.
1	1	G227	1	1	.75	 	 	 	 	 	1	.75	 	 	 	 	 	0	 	 	0	 	 	 	0	 	 	0	 	 	 	1	1.29	 	 	 	 	 	1	1.29	 	 	 	 	 	1	 	TROPICANA	 	1.49	 	 	 	 	 	 	 	 	1	 	 	OTHER	16	.99	MISTIC	 	 	 	 	 	 	1	1	2	1	1	1.89	 	 	 	 	 	1	1.89	 	 	 	 	 	1	4.29	 	 	 	 	 	1	4.29	 	 	 	 	 	1	4.99	 	 	 	 	 	1	4.99	 	 	 	 	 	1	MINUTE MAID	 	 	4.69	 	 	 	 	 	 	 	1	MINUTE MAID	 	 	2.49	 	 	 	 	 	 	 	1	1	6	GROCERY	C-TOWN 885 BERGEN AVE. JERSEY CITY NJ
1	1	G232	1	1	.99	BOTTLED	 	 	 	 	0	 	 	0	 	 	 	0	 	 	0	 	 	 	0	 	 	0	 	 	 	1	1.25	 	 	 	 	 	1	1.25	 	 	 	 	 	1	 	TROPICANA	 	1.49	 	 	 	 	 	 	 	 	1	 	TROPICANA	 	20	1.29	 	 	 	 	 	 	 	1	1	3	1	1	1.79	 	 	 	 	 	1	1.79	 	 	 	 	 	1	4.79	8 PACK, 6.75OZ	 	 	 	 	1	4.79	8 PACK6.75 OZ	 	 	 	 	1	4.99	 	 	 	 	 	1	 	 	 	 	 	 	1	 	TROPICANA	 	5.19	 	 	 	 	 	 	 	1	MINUTE MAID	 	 	2.19	 	 	 	 	 	 	 	1	1	5	GROCERY	EXTRA SUPERMARKET, 125 AVON AVE., NEWARK
1	2	G232	1	0	 	 	0	 	 	 	1	 	 	 	 	 	 	0	 	 	0	 	 	 	0	 	 	0	 	 	 	1	1.25	 	 	 	 	 	1	1.25	 	 	 	 	 	1	 	TROPICANA	 	1.49	12 OZ	 	 	 	 	 	 	 	1	 	TROPICANA	 	15.2	1.49	 	 	 	 	 	 	 	1	1	2	1	1	1.79	 	 	 	 	 	1	1.79	 	 	 	 	 	1	4.79	8 PACK	 	 	 	 	1	4.79	 	 	 	 	 	1	4.99	 	 	 	 	 	1	4.99	 	 	 	 	 	1	 	TROPICANA	 	5.39	 	 	 	 	 	 	 	1	MINUTE MAID	 	 	2.19	 	 	 	 	 	 	 	1	1	4	GROCERY	EXTRA SUPERMARKET, 125 AVON AVE., NEWARK, NJ
1	1	G234	 	0	 	 	0	 	 	 	0	 	 	0	 	 	 	0	 	 	0	 	 	 	0	 	 	0	 	 	 	1	1.59	 	 	 	 	 	1	1.59	 	 	 	 	 	0	 	 	 	 	 	0	 	 	 	 	 	 	0	 	 	 	 	 	 	0	 	 	 	 	 	1	0	0	1	1	1.89	 	 	 	 	 	1	1.89	 	 	 	 	 	1	3.39	 	 	 	 	 	1	3.39	 	 	 	 	 	1	5.99	 	 	 	 	 	1	5.99	 	 	 	 	 	1	MINUTE MAID	TROPICANA	 	 	RANGE: 3.49-3.99, 59OZ	 	 	 	 	 	 	1	MINUTE MAID	TROPICANA	 	 	RANGE 2.19-2.45	 	 	 	 	 	 	1	1	6	GROCERY	115 BELMONT AVE. BELLEVILLE NJ 07109
1	2	G234	1	0	 	 	0	 	 	 	0	 	 	0	 	 	 	0	 	 	0	 	 	 	0	 	 	0	 	 	 	1	1.49	 	 	 	 	 	1	1.49	 	 	 	 	 	1	 	TROPICANA	 	1.59	IN BACK WTH OTHER JUICES/DRINKS, OPEN FRIDGE SPACE	 	 	 	 	 	 	 	1	 	 	OTHER	16	 	4/$5., SNAPPLE	 	 	 	 	 	 	1	1	3	1	1	1.89	 	 	 	 	 	1	1.89	 	 	 	 	 	1	3.39	8 PACK, 6.75OZ	 	 	 	 	1	3.39	8 PACK6.75 OZ	 	 	 	 	1	5.99	3/$10.98 ON SALE	 	 	 	 	1	3.66	SALE PRICE: 3/$10.98 ON SALE	 	 	 	 	1	MINUTE MAID	 	 	3.49	$1.74 ON BSALE	 	 	 	 	 	 	1	MINUTE MAID	 	 	2.45	$2.18 ON SALE	 	 	 	 	 	 	1	1	6	GROCERY	PATHMARK, 115 BELMONT AV., BELLVILLE, NJ
1	1	G235	1	0	 	 	0	 	 	 	0	 	 	0	 	 	 	0	 	 	0	 	 	 	0	 	 	0	 	 	 	1	1.59	 	 	 	 	 	1	1.59	 	 	 	 	 	1	 	TROPICANA	 	1.59	12OZ, IN BACK, OPEN FRIDGE ALONG WITH OTHER JUICES	 	 	 	 	 	 	 	1	 	 	OTHER	16	 	$.49 SALE, CAND SNAPPLE DRINKS	 	 	 	 	 	 	1	1	6	1	1	1.89	 	 	 	 	 	1	1.89	 	 	 	 	 	1	3.39	8 PACK, 6.75OZ	 	 	 	 	1	3.39	8 PACK6.75 OZ	 	 	 	 	1	5.99	SALE: 3$10.98	 	 	 	 	1	3.66	SALE:3/$10.98	 	 	 	 	1	MINUTE MAID	 	 	3.49	SALE:$1.74!!	 	 	 	 	 	 	1	MINUTE MAID	 	 	2.45	SALE:$2.18	 	 	 	 	 	 	1	1	6	GROCERY	PATH MARK SUPERMARKET, 167 BERGEN ST., NEWARK  LOW CAL. SINGLE SERVE BEG. MOSTLY AVAILABLE IN BACK AISLE, NOT REFRIGERATED
1	1	G239	1	0	 	 	0	 	 	 	0	 	 	0	 	 	 	0	 	 	0	 	 	 	0	 	 	0	 	 	 	1	1.29	 	 	 	 	 	1	1.29	 	 	 	 	 	0	 	 	 	 	 	1	 	TROPICANA	 	14	1.49	 	0	 	 	 	 	 	 	1	 	 	OTHER	1.09	 	1	0	0	1	1	1.79	SALE: 4/$5.00	 	 	 	 	1	1.79	4/$5.00 ON SALE	 	 	 	 	1	4.29	8 PACK, 6.75OZ	 	 	 	 	1	4.29	8 PACK6.75 OZ	 	 	 	 	1	5.49	3/$10., SALE	 	 	 	 	1	5.49	3/$10., SALE	 	 	 	 	1	MINUTE MAID	 	 	4.79	59OZ	 	 	 	 	 	 	1	MINUTE MAID	 	 	2.49	 	 	 	 	 	 	 	1	1	1	GROCERY	SEA BRA SUPERMARKET CORP., 73 WILSON ST, NEWARK
2	1	G102B	1	1	.75	 	 	 	 	 	1	.75	 	 	 	 	 	1	1	16.9	 	 	 	 	1	1	16.9	 	 	 	 	0	 	 	1	DIET PEPSI	1.5	 	0	 	 	1	PEPSI	1.5	 	1	 	TROPICANA	 	1.69	 	 	 	 	 	 	 	 	1	 	 	OTHER	16	1.25	NANTUCKET NECTORS 16 OZ	 	 	 	 	 	 	1	1	6	1	1	1.99	 	 	 	 	 	1	1.99	 	 	 	 	 	0	 	 	 	 	 	 	1	3.99	 	 	 	 	 	1	5.99	 	 	 	 	 	1	5.99	 	 	 	 	 	1	MINUTE MAID	 	 	3.19	SALE 2 FOR 4.00	 	 	 	 	 	 	1	MINUTE MAID	 	 	1.99	 	 	 	 	 	 	 	1	1	6	GROCERY	905 FRANKLIN AVENUE BTWN CROWN AND CARROLL STREETS. BROOKLYN; NY 11225
2	1	G103	1	0	 	 	1	DIET PEPSI	.75	 	1	.75	 	 	 	 	 	0	 	 	1	DIET COKE	1.25	16.9 OZ	0	 	 	1	COKE	1.25	16.9 OZ	0	 	 	1	DIET PEPSI	1.5	 	1	1.5	 	 	 	 	 	0	 	 	 	 	 	1	 	TROPICANA	 	12	1.79	TROPICANA	0	 	 	 	 	 	 	1	 	 	OTHER	1.25	SNAPPLES	1	1	1	 	1	1.99	SALE PRICE 5/6.00	 	 	 	 	1	1.99	SALE 5/6.00	 	 	 	 	1	3.5	 	 	 	 	 	 	 	 	 	 	 	 	1	5.99	 	 	 	 	 	1	5.99	 	 	 	 	 	1	 	TROPICANA	 	4.69	59.9 OZ	 	 	 	 	 	 	1	MINUTE MAID	 	 	1.99	SALE 3/5.00	 	 	 	 	 	 	1	1	3	GROCERY	FINEFARE SUPERMARKET; 675 MORRIS AV
2	1	G104C	1	0	 	 	0	 	 	 	0	 	 	0	 	 	 	0	 	 	0	 	 	 	0	 	 	0	 	 	 	0	 	 	1	DIET PEPSI	1.25	 	0	 	 	1	PEPSI	1.25	 	0	 	 	 	 	 	0	 	 	 	 	 	 	0	 	 	 	 	 	 	0	 	 	 	 	 	1	1	2	1	1	2.19	 	 	 	 	 	1	2.19	 	 	 	 	 	1	4.49	 	 	 	 	 	1	4.49	 	 	 	 	 	1	5.99	2/9.00 ON SALE	 	 	 	 	1	5.99	2/9.00 ON SALE	 	 	 	 	1	MINUTE MAID	 	 	3.29	 	 	 	 	 	 	 	1	MINUTE MAID	 	 	2.69	 	 	 	 	 	 	 	1	1	6	GROCERY	1345 CASTLE HILL AVE. BRONX NY (PIONEER SUPERMARKET)
2	1	G106	1	0	 	 	0	 	 	 	0	 	 	0	 	 	 	0	 	 	0	 	 	 	0	 	 	0	 	 	 	1	1.69	 	 	 	 	 	1	1.69	 	 	 	 	 	1	 	 	OTHER	1.69	OCEAN SPRAY	 	 	 	 	 	 	 	1	 	 	OTHER	15.2	1.69	OCEAN SPRAY	 	 	 	 	 	 	1	0	 	1	1	1.99	 	 	 	 	 	1	1.99	 	 	 	 	 	1	4.49	 	 	 	 	 	1	4.49	 	 	 	 	 	1	6.79	ON SALE FOR 2/11	 	 	 	 	1	6.79	ON SALE 2/11	 	 	 	 	1	 	TROPICANA	 	4.29	ON SALE FOR 3.99	 	 	 	 	 	 	1	MINUTE MAID	 	 	2.59	ON SALE FOR 2.29	 	 	 	 	 	 	1	1	6	GROCERY	THE SUPERMARKET THAT WAS ONCE HERE IS 0W A FOODTOWN RATHER THAN MET. 7610 37TH AVE. JACKSON HEIGHTS; NY.
2	1	G107C	1	0	 	 	0	 	 	 	0	 	 	0	 	 	 	0	 	 	0	 	 	 	0	 	 	0	 	 	 	0	 	 	0	 	 	 	0	 	 	0	 	 	 	1	 	TROPICANA	 	1.79	14OZ SIZE O.J. 0 DEDICATED GRAB AND GO SECTION IN STORE.	 	 	 	 	 	 	 	1	 	TROPICANA	 	12	1.69	CRANBERRY JUICE BLEND	 	 	 	 	 	 	1	1	3	1	1	2.09	SALE 4 FOR 5	 	 	 	 	1	2.09	SALE 4 FOR 5	 	 	 	 	0	 	 	 	 	 	 	0	 	 	 	 	 	 	1	5.99	 	 	 	 	 	1	5.99	 	 	 	 	 	1	 	TROPICANA	 	4.49	SALE 2 FOR 6.00	 	 	 	 	 	 	1	MINUTE MAID	 	 	1.99	 	 	 	 	 	 	 	1	1	5	GROCERY	953 MANHATTAN AVENUE. BROOKLYN NY 11222
2	1	G108	1	0	 	 	0	 	 	 	0	 	 	0	 	 	 	0	 	 	0	 	 	 	0	 	 	0	 	 	 	1	2.25	 	 	 	 	 	1	2.25	 	 	 	 	 	0	 	 	 	 	 	1	 	TROPICANA	 	14	1.99	 	0	 	 	 	 	 	 	1	 	 	OTHER	1.59	 	1	1	5	1	1	2.49	 	 	 	 	 	1	2.49	 	 	 	 	 	1	4.79	ON SALE: 8/3.00	 	 	 	 	1	4.79	ON SALE: 8/3.00	 	 	 	 	1	7.99	 	 	 	 	 	1	7.99	 	 	 	 	 	1	 	TROPICANA	 	5.85	59 OZ	 	 	 	 	 	 	1	 	TROPICANA	 	2.69	59 OZ	 	 	 	 	 	 	1	1	3	GROCERY	D'AGOSTINOS 54 STREET MARKET; 10TH AV/ 54ST
2	1	G109A	1	0	 	 	0	 	 	 	0	 	 	0	 	 	 	0	 	 	0	 	 	 	0	 	 	0	 	 	 	1	1.99	 	 	 	 	 	1	1.99	 	 	 	 	 	0	 	 	 	 	 	0	 	 	 	 	 	 	0	 	 	 	 	 	 	1	 	 	OTHER	1.99	RALPH & CHARLIES 18 OZ	1	1	6	1	1	1.99	SALE FROM 2.49	 	 	 	 	1	1.99	ALL 2 LITER COKE; DR PEPPER SPRITE & FRESCA ON SALE FOR 1.99; UNSURE IF APPLIES	 	 	 	 	1	5.89	 	 	 	 	 	1	5.89	 	 	 	 	 	1	7.99	 	 	 	 	 	1	7.99	 	 	 	 	 	1	 	TROPICANA	OTHER	5.49	 	 	 	 	 	 	 	1	MINUTE MAID	TROPICANA	OTHER	2.79	 	 	 	 	 	 	 	1	1	6	GROCERY	262 W 96 ST; NY NY 10025
2	2	G109A	1	1	1	 	 	 	 	 	1	1	STAFF TOLD ME IT IS 1 $	 	 	 	 	0	 	 	1	SNAPPLE	1.69	 	0	 	 	1	SNAPPLE	1.69	 	1	1.99	 	 	 	 	 	1	1.99	 	 	 	 	 	1	 	TROPICANA	 	2.19	 	 	 	 	 	 	 	 	0	 	 	 	 	 	 	1	 	 	OTHER	2.39	SIMPLY	1	1	2	1	1	2.49	 	 	 	 	 	1	2.49	 	 	 	 	 	1	5.89	 	 	 	 	 	1	5.89	 	 	 	 	 	1	7.99	 	 	 	 	 	1	7.99	 	 	 	 	 	1	 	TROPICANA	 	5.49	 	 	 	 	 	 	 	1	 	TROPICANA	 	2.79	 	 	 	 	 	 	 	1	1	5	GROCERY	GRISTEDES 262 W 96 TH STREET NY NY
2	1	G110	1	0	 	 	0	 	 	 	0	 	 	0	 	 	 	0	 	 	0	 	 	 	0	 	 	0	 	 	 	1	1.79	 	 	 	 	 	1	1.79	 	 	 	 	 	0	 	 	 	 	 	0	 	 	 	 	 	 	1	MINUTE MAID	 	 	20	.99	20 OZ	 	 	 	 	 	 	1	0	0	1	1	1.99	 	 	 	 	 	1	1.99	 	 	 	 	 	1	4.59	 	 	 	 	 	1	4.59	 	 	 	 	 	1	6.49	 	 	 	 	 	1	6.49	 	 	 	 	 	1	MINUTE MAID	 	 	3.29	2/6.00	 	 	 	 	 	 	1	MINUTE MAID	 	 	2.49	2/3.00	 	 	 	 	 	 	1	1	6	GROCERY	183-14 HILLSIDE AVE JAMAICA NY
2	2	G110	1	0	 	 	0	 	 	 	1	.5	 	 	 	 	 	0	 	 	0	 	 	 	0	 	 	0	 	 	 	1	1.79	 	 	 	 	 	1	1.79	 	 	 	 	 	0	 	 	 	 	 	0	 	 	 	 	 	 	1	 	 	OTHER	16	1.25	SNAPPLE 16 OZ	 	 	 	 	 	 	1	0	0	1	1	1.99	5/5.00 ON SALE	 	 	 	 	1	1.99	5/5.00 ON SALE	 	 	 	 	1	4.99	3.99 ON SALE	 	 	 	 	1	4.99	3.99 ON SALE	 	 	 	 	1	6.49	COKE ZERO	 	 	 	 	1	6.49	 	 	 	 	 	1	MINUTE MAID	 	 	3.29	2/6.00 ON SALE	 	 	 	 	 	 	1	MINUTE MAID	 	 	2.49	2/4.00 ON SALE	 	 	 	 	 	 	1	1	6	GROCERY	KEY FOOD SUPERMARKET. 183-14 HILLSIDE AVE. QUEENS NY
2	1	G111A	1	0	 	 	0	 	 	 	0	 	 	0	 	 	 	0	 	 	0	 	 	 	0	 	 	0	 	 	 	0	 	 	1	DIET PEPSI	1.25	VENDING MACHINE	0	 	 	1	PEPSI	1.25	VENDING MACHINE	1	 	TROPICANA	 	1.25	 	 	 	 	 	 	 	 	1	 	TROPICANA	 	20	.99	TROPICANA TWISTER 20 OZ	 	 	 	 	 	 	1	1	3	1	1	1.79	SALE 4 FOR 5	 	 	 	 	1	1.79	SALE 4 FOR 5	 	 	 	 	1	4.99	3.99 ON SALE	 	 	 	 	1	4.99	3.99 ON SALE	 	 	 	 	1	5.49	4.88 ON SALE	 	 	 	 	1	5.49	4.88 ON SALE	 	 	 	 	1	MINUTE MAID	 	 	2.88	 	 	 	 	 	 	 	1	MINUTE MAID	 	 	2	 	 	 	 	 	 	 	1	1	6	GROCERY	WESTERN BEEF. 44-44 COLLEGE POINT BLVD. FLUSHING NY
2	1	G112	1	0	 	 	0	 	 	 	1	.69	THERE IS 0 REAL SECTION FOR SINGLE SERVE BEVERAGES IN THIS STORE. IT IS AN ETHNI	 	 	 	 	0	 	 	0	 	 	 	0	 	 	0	 	 	 	0	 	 	0	 	 	 	0	 	 	0	 	 	 	1	 	TROPICANA	 	1.59	 	 	 	 	 	 	 	 	0	 	 	 	 	 	 	0	 	 	 	 	 	1	1	2	1	0	 	 	0	 	 	 	1	1.99	 	 	 	 	 	0	 	 	 	 	 	 	0	 	 	 	 	 	 	0	 	 	0	 	 	 	1	10.99	THEY HAVE SEVERAL SIX PACKS SOLD TOGETHER AS A BUNDLE; BUT IT IS MORE THAN 12	 	 	 	 	1	 	TROPICANA	 	3.59	 	 	 	 	 	 	 	1	 	 	OTHER	2.19	TROPICAL SPLASH BRAND	 	 	 	 	 	 	1	1	2	GROCERY	2424 CONEY ISLAND AVENUE; BROOKLYN; NY 11223 BETWEEN AVE U ANDB AVE V
2	1	G113A	1	0	 	 	0	 	 	 	1	1.5	 	 	 	 	 	0	 	 	0	 	 	 	0	 	 	0	 	 	 	0	 	 	0	 	 	 	0	 	 	0	 	 	 	0	 	 	 	 	 	0	 	 	 	 	 	 	1	 	 	OTHER	16	1	 	 	 	 	 	 	 	0	1	2	1	1	1.99	 	 	 	 	 	1	1.99	 	 	 	 	 	1	4.99	8 PACK	 	 	 	 	1	4.99	8 PACK	 	 	 	 	1	7.99	2/11.00 SALE	 	 	 	 	1	7.99	2/11.00 SALE	 	 	 	 	1	MINUTE MAID	 	 	 	5.29 FOR PURE SQUEEZED;2.99 CARTON FRM CONCENTRATE BOTH 59 OZ	 	 	 	 	 	 	1	MINUTE MAID	 	 	2.29	59 OZ	 	 	 	 	 	 	1	1	2	GROCERY	FINE FARE; 4776 BROADWAY NEAR DYCKMAN ST
2	2	G113A	1	0	 	 	0	 	 	 	1	1	 	 	 	 	 	0	 	 	0	 	 	 	0	 	 	0	 	 	 	0	 	 	0	 	 	 	0	 	 	 	 	 	 	1	 	 	OTHER	1.5	EVERFRESH BRAND 16OZ	 	 	 	 	 	 	 	1	 	 	OTHER	16	1.5	EVERFRESH BRAND	 	 	 	 	 	 	0	1	6	1	1	1.99	 	 	 	 	 	1	1.99	 	 	 	 	 	0	 	 	 	 	 	 	1	3.99	 	 	 	 	 	1	5.99	2/9.00	 	 	 	 	1	5.99	2/9.00	 	 	 	 	1	MINUTE MAID	 	 	5.29	 	 	 	 	 	 	 	1	MINUTE MAID	 	 	1.99	 	 	 	 	 	 	 	1	1	6	GROCERY	FINE FARE SUPERMARKET. 4776 BROADWAY. NY; NY
2	3	G113A	1	1	1.5	 	 	 	 	 	0	 	 	0	 	 	 	0	 	 	1	SNAPPLE TEA	.99	 	0	 	 	1	SNAPPLE	.99	 	0	 	 	1	REDBULL	4.29	CASHIER SAID THEY DONT SELL 20 OZ DRINKS INDIVIDUALLY; THEY HAVE IT IN THE VENDI	0	 	 	1	REDBULL	4.29	 	1	 	 	OTHER	1.5	SNAPPLE; 16 OZ BOTTLE; I COULDNT FIND SMALLER VOLUME	 	 	 	 	 	 	 	0	 	 	 	 	 	 	1	 	 	OTHER	.99	MIRA IS THE BRAND NAME	1	1	2	1	1	1.99	 	 	 	 	 	1	1.99	 	 	 	 	 	1	4.99	 	 	 	 	 	1	4.99	 	 	 	 	 	1	4.5	 	 	 	 	 	1	4.5	 	 	 	 	 	1	 	TROPICANA	OTHER	5.99	DOLE;FLORIDAS NATURE	 	 	 	 	 	 	1	MINUTE MAID	TROPICANA	OTHER	1.99	EARTH WISE 2.89; PATAFE 3.79; BRIGHT&EARLY 2.69	 	 	 	 	 	 	1	1	5	GROCERY	4776 BROADWAY ; NY NY. FINE FARE SUPERMARKET
2	1	G115	1	0	 	 	0	 	 	 	1	1	VERY LITTLE SINGLE SERVE VARITIES IN THIS LOCATION	 	 	 	 	0	 	 	0	 	 	 	0	 	 	0	 	 	 	0	 	 	0	 	 	 	0	 	 	0	 	 	 	0	 	 	 	 	 	0	 	 	 	 	 	 	1	 	 	OTHER	 	1.5	SUNNY D	 	 	 	 	 	 	1	1	6	1	0	 	 	1	DIET PEPSI	1.69	 	1	1.89	 	 	 	 	 	0	 	 	 	 	 	 	0	 	 	 	 	 	 	1	5.99	 	 	 	 	 	1	5.99	 	 	 	 	 	1	MINUTE MAID	 	 	4.39	 	 	 	 	 	 	 	1	MINUTE MAID	 	 	2	 	 	 	 	 	 	 	1	1	6	GROCERY	BUY RITE SUPERMARKET 8504 20TH AVE; BROOKLYN NY 11214
2	1	G116D	1	0	 	 	0	 	 	 	0	 	 	0	 	 	 	0	 	 	0	 	 	 	0	 	 	0	 	 	 	1	1.99	 	 	 	 	 	1	1.99	 	 	 	 	 	1	 	 	OTHER	1.79	16 OZ LANGER'S100% ORANGE JUICE	 	 	 	 	 	 	 	1	 	 	OTHER	16	1.79	LANGER'S FRUIT PUNCH	 	 	 	 	 	 	1	1	6	1	1	2.49	 	 	 	 	 	1	2.49	 	 	 	 	 	1	5.89	 	 	 	 	 	1	5.89	 	 	 	 	 	1	7.99	 	 	 	 	 	1	7.99	 	 	 	 	 	1	 	TROPICANA	 	5.49	 	 	 	 	 	 	 	1	MINUTE MAID	 	 	2.79	 	 	 	 	 	 	 	1	1	6	GROCERY	202EAST 96TH STREET. NY NY
2	1	G118	1	0	 	 	1	COKE ZERO	1	 	1	1	 	 	 	 	 	0	 	 	0	 	 	 	0	 	 	0	 	 	 	0	 	 	0	 	 	 	0	 	 	0	 	 	 	1	 	 	OTHER	1.19	WELCH'S	 	 	 	 	 	 	 	1	 	 	OTHER	 	1.19	WELCH'S	 	 	 	 	 	 	1	1	2	1	0	 	 	1	DIET PEPSI	2.09	 	1	2.09	3 FOR 5 SALE	 	 	 	 	1	3.99	 	 	 	 	 	1	3.99	 	 	 	 	 	1	5.99	SALE 3.99	 	 	 	 	1	5.99	SALE 3.99	 	 	 	 	1	 	TROPICANA	 	4.49	2 FOR 5.98	 	 	 	 	 	 	1	MINUTE MAID	 	 	2.49	 	 	 	 	 	 	 	1	1	6	GROCERY	BRAVO SUPERMARKET 4261 BROADWAY BTWN 181ST AND 182ND ST NY; NY
2	2	G118	1	0	 	 	0	 	 	 	0	 	 	1	DR PEPPER	.8	 	0	 	 	0	 	 	 	0	 	 	0	 	 	 	1	1.5	 	 	 	 	 	0	 	 	1	SPRITE	1.5	 	1	 	 	OTHER	1.79	SIMPLY ORANGE	 	 	 	 	 	 	 	1	 	 	OTHER	 	.99	SNAPPLE	 	 	 	 	 	 	1	1	2	1	1	1.89	3 FOR 5 SALE	 	 	 	 	1	1.89	3 FOR 5 SALE	 	 	 	 	1	3.99	 	 	 	 	 	0	 	 	 	 	 	 	0	 	 	0	 	 	 	1	6.49	LOTS OF MISSING PRODUCTS	 	 	 	 	1	MINUTE MAID	 	 	3.99	 	 	 	 	 	 	 	1	MINUTE MAID	 	 	2.49	 	 	 	 	 	 	 	1	1	4	GROCERY	BRAVO SUPERMARKET 4126 BROADWAY BTWN 174TH AND 175TH ST. NY; NY
2	1	G122	1	0	 	 	1	REDBULL	3.39	 	0	 	 	1	REDBULL	3.39	 	0	 	 	1	SNAPPLE	1.59	 	0	 	 	1	SNAPPLE	1.59	 	1	2.25	 	 	 	 	 	1	2.25	 	 	 	 	 	0	 	 	 	 	 	1	 	TROPICANA	 	14	1.99	 	0	 	 	 	 	 	 	0	 	 	 	 	 	1	1	4	1	1	1.79	 	 	 	 	 	1	1.79	 	 	 	 	 	1	4.79	 	 	 	 	 	1	4.79	 	 	 	 	 	1	7.99	 	 	 	 	 	1	7.99	 	 	 	 	 	1	 	TROPICANA	OTHER	5.85	PRICE VARIES FROM 4.99-5.85	 	 	 	 	 	 	1	 	TROPICANA	 	2.69	PRICE VARIES FROM 2.75-5.89	 	 	 	 	 	 	1	1	6	GROCERY	GRISTIE DAGOSTINO 815 10 THE AVE NY NY
2	1	G124A	1	0	 	 	0	 	 	 	1	.75	 	 	 	 	 	0	 	 	0	 	 	 	0	 	 	0	 	 	 	1	1.5	 	 	 	 	 	1	1.5	 	 	 	 	 	1	 	 	OTHER	 	APPLE AND EVE (6.75OZ)	 	 	 	 	 	 	 	0	 	 	 	 	 	 	0	 	 	 	 	 	1	1	1	1	1	1.99	 	 	 	 	 	1	1.99	 	 	 	 	 	1	3.99	COKE ZERO	 	 	 	 	1	3.99	 	 	 	 	 	1	5.99	ON SALE 2/10.00	 	 	 	 	1	5.99	ON SALE 2/10.00	 	 	 	 	1	MINUTE MAID	 	 	3.29	 	 	 	 	 	 	 	1	MINUTE MAID	 	 	1.99	 	 	 	 	 	 	 	1	1	6	GROCERY	ASSOCIATED SUPERMARKETS . 2400 ADAM CLAYTON POWELL BLVD. NY; NY 10030
2	2	G124A	1	0	 	 	1	CAWY	.67	 	1	.75	 	 	 	 	 	0	 	 	0	 	 	 	0	 	 	1	SNAPPLE	1.25	 	1	1.49	 	 	 	 	 	1	1.49	 	 	 	 	 	0	 	 	 	 	 	0	 	 	 	 	 	 	0	 	 	 	 	 	 	1	 	 	OTHER	.99	MISTIC	1	1	2	1	1	1.99	 	 	 	 	 	1	1.99	 	 	 	 	 	1	4.99	 	 	 	 	 	1	4.99	 	 	 	 	 	1	4.5	 	 	 	 	 	1	4.5	 	 	 	 	 	1	MINUTE MAID	TROPICANA	OTHER	3.99	 	 	 	 	 	 	 	1	 	TROPICANA	OTHER	 	WELCK; SSIPS; EARHWISE; VARIES FROM 1.59-3.59	 	 	 	 	 	 	1	1	6	GROCERY	ASSOCIATED SUPERMARKET 244 ADAM CLAYTON POWELL JR BLVD
2	1	G127B	1	0	 	 	0	 	 	 	0	 	 	1	PEPSI	1	VERY LITTLE PRODUCT IN SODA COOLER WHICH IS LOCATED BY DELI AREA	0	 	 	0	 	 	 	0	 	 	0	 	 	 	0	 	 	1	DIET PEPSI	1.5	 	0	 	 	1	PEPSI	1.5	 	0	 	 	 	 	 	0	 	 	 	 	 	 	0	 	 	 	 	 	 	0	 	 	 	 	 	1	1	3	1	1	1.99	ON SALE 3 FOR 4.00	 	 	 	 	1	1.99	ON SALE 3 FOR 4.00	 	 	 	 	1	4.99	COKE ZERO	 	 	 	 	1	4.99	 	 	 	 	 	1	6.79	4.99 ON SALE	 	 	 	 	1	6.79	4.99 ON SALE	 	 	 	 	1	 	TROPICANA	 	4.29	 	 	 	 	 	 	 	1	MINUTE MAID	 	 	2.39	 	 	 	 	 	 	 	1	1	6	GROCERY	8210 BAXTER AVENUE.  FLUSHING; NY 11373
2	1	G128	1	0	 	 	0	 	 	 	0	 	 	1	C&C COLA	.75	SINGLE SERVE AREA LOCATED BEHIND DELI COUNTER N	0	 	 	0	 	 	 	0	 	 	0	 	 	 	0	 	 	0	 	 	 	0	 	 	0	 	 	 	1	 	TROPICANA	 	1.5	 	 	 	 	 	 	 	 	1	 	 	OTHER	 	1.25	APPLE AND EVE	 	 	 	 	 	 	1	0	0	1	1	1.99	 	 	 	 	 	1	1.99	 	 	 	 	 	0	 	 	 	 	 	 	0	 	 	 	 	 	 	1	6.49	 	 	 	 	 	1	6.49	 	 	 	 	 	1	 	TROPICANA	 	4.29	ON SALE FOR 2.99	 	 	 	 	 	 	1	MINUTE MAID	 	 	1.99	 	 	 	 	 	 	 	1	1	6	GROCERY	146 EAST 98TH STREET @ WINTHROP ST. BROOKLYN; NY
2	2	G128	1	0	 	 	0	 	 	 	0	 	 	1	C&C	.5	BEHIND DELI COUNTER	0	 	 	0	 	 	 	0	 	 	0	 	 	 	0	 	 	0	 	 	 	0	 	 	0	 	 	 	1	 	 	OTHER	.99	WELCH'S BRAND IN A DIFFERENT AREA OF STORE	 	 	 	 	 	 	 	1	 	 	OTHER	16	.99	WELCH'S BRAND	 	 	 	 	 	 	1	0	0	1	0	 	 	1	DIET PEPSI	1.99	 	1	1.99	 	 	 	 	 	0	 	 	 	 	 	 	0	 	 	 	 	 	 	1	6.49	 	 	 	 	 	1	6.49	 	 	 	 	 	1	 	TROPICANA	 	4.29	ON SALE FOR 2.99	 	 	 	 	 	 	1	MINUTE MAID	 	 	2.39	ON SALE FOR1.69	 	 	 	 	 	 	1	1	6	GROCERY	C-TOWN 146 EAST 98TH ST @WINTROP AVE. BKLYN; NY
2	1	G130	1	1	.75	 	 	 	 	 	1	.75	 	 	 	 	 	0	 	 	0	 	 	 	0	 	 	0	 	 	 	1	1.5	 	 	 	 	 	1	1.5	 	 	 	 	 	1	 	TROPICANA	 	1.69	14OZ SIZE	 	 	 	 	 	 	 	1	 	 	OTHER	 	1.25	SNAPPLE	 	 	 	 	 	 	1	1	1	1	1	1.89	 	 	 	 	 	1	1.89	 	 	 	 	 	0	 	 	 	 	 	 	0	 	 	 	 	 	 	1	5.99	ON SALE 2/10.00	 	 	 	 	1	5.99	ON SALE 2/10.00	 	 	 	 	1	MINUTE MAID	 	 	3.39	 	 	 	 	 	 	 	1	MINUTE MAID	 	 	2.39	ON SALE 3/ 5.00	 	 	 	 	 	 	1	1	6	GROCERY	ASSOCIATED SUPERMARKET 1486 LEXINGTON AVENUE @ 96TH ST NY; NY
2	1	G132	1	0	 	 	0	 	 	 	0	 	 	0	 	 	 	0	 	 	0	 	 	 	0	 	 	0	 	 	 	0	 	 	1	DIET PEPSI	1.25	ONLY SINGLE SERVE BEVERAGES WERE IN A VENDING MACHINE	0	 	 	1	PEPSI	1.25	LOCATED IN VENDING MACHINE	1	 	 	OTHER	1.25	APPLE AND EVE (16 OZ)	 	 	 	 	 	 	 	1	 	 	OTHER	16	1.25	APPLE AND EVE (16OZ	 	 	 	 	 	 	1	1	6	1	1	1.79	SALE 4 FOR 5	 	 	 	 	1	1.79	SALE 4 FOR 5	 	 	 	 	1	3.99	 	 	 	 	 	1	3.99	 	 	 	 	 	1	5.49	 	 	 	 	 	1	5.49	 	 	 	 	 	1	MINUTE MAID	 	 	2.88	LOW ACID VERSION WAS 3.49	 	 	 	 	 	 	1	MINUTE MAID	 	 	1.99	 	 	 	 	 	 	 	1	1	6	GROCERY	WESTERN BEEF SUPERMARKET. 2050 WEBSTER AVENUE. BRONX NY 10457
2	1	G134	1	1	.75	 	 	 	 	 	0	 	 	1	DR PEPPER	.75	 	1	1	16.9	 	 	 	 	1	1	16.9	 	 	 	 	0	 	 	0	 	 	 	0	 	 	0	 	 	 	1	 	 	OTHER	1.25	16 OZ LANGER'S100% PINEAPPLE JUICE	 	 	 	 	 	 	 	1	 	 	OTHER	16	1.25	LANGER'S FRUIT PUNCH	 	 	 	 	 	 	1	1	3	1	1	1.99	 	 	 	 	 	1	1.99	 	 	 	 	 	1	4.59	3.99 ON SALE	 	 	 	 	1	4.59	3.99 ON SALE	 	 	 	 	1	6.49	 	 	 	 	 	0	 	 	1	PEPSI	5.99	ON SALE FOR 3.99	1	 	TROPICANA	 	4.39	 	 	 	 	 	 	 	1	MINUTE MAID	 	 	2.49	 	 	 	 	 	 	 	1	1	6	GROCERY	C-TOWN SUPERMARKET; 325 LAFAYETTE AVENUE
2	1	G138	1	0	 	 	0	 	 	 	0	 	 	0	 	 	 	0	 	 	0	 	 	 	0	 	 	 	 	 	 	1	1.99	 	 	 	 	 	1	1.99	 	 	 	 	 	1	 	 	OTHER	2.99	16 OZ. FOOD EMPORIUM BRAND	 	 	 	 	 	 	 	0	 	 	 	 	 	 	0	 	 	 	 	 	1	1	6	1	1	2.29	 	 	 	 	 	0	 	 	1	PEPSI	2.29	1.79 ON SALE	1	4.99	 	0	 	 	 	1	4.99	 	1	 	 	 	1	6.99	ON SALE FOR 2 FOR 9$	 	 	 	 	1	6.99	ON SALE 2 FOR 9$	 	 	 	 	1	MINUTE MAID	 	 	4.29	 	 	 	 	 	 	 	1	MINUTE MAID	 	 	2.49	 	 	 	 	 	 	 	1	1	6	GROCERY	452 WEST 43RD ST. NY; NY
2	2	G138	1	0	 	 	1	REDBULL	2.99	THIS SUPERMARKET IS UNDER CONSTRTUCTION.  I TRIED TO FIND MOST OF THE ITEM BUT S	0	 	 	1	REDBULL	2.99	 	0	 	 	0	 	 	 	0	 	 	0	 	 	 	1	1.99	 	 	 	 	 	1	1.99	 	 	 	 	 	0	 	 	 	 	 	0	 	 	 	 	 	 	0	 	 	 	 	 	 	1	 	 	 	1.75	TROP 50	1	1	1	1	1	2.29	 	 	 	 	 	1	2.29	 	 	 	 	 	1	4.99	8 PACK NOT 6	 	 	 	 	1	4.99	8 PACK NOT 6	 	 	 	 	1	6.99	 	 	 	 	 	1	6.99	 	 	 	 	 	1	 	TROPICANA	 	4.49	 	 	 	 	 	 	 	1	 	TROPICANA	 	3.09	PRICE VARIES FROM 2.75-4.49	 	 	 	 	 	 	1	1	6	GROCERY	FOOD EMPORIUM 452 WEST 43 RD ST NY NY
2	1	G139	1	0	 	 	1	REDBULL	2.99	 	0	 	 	1	PEPSI	1.19	 	0	 	 	1	SNAPPLE	1.09	 	0	 	 	1	MONSTER	1.99	 	0	 	 	0	 	 	 	0	 	 	1	TROPICAL FANTASY	.5	21 OZ	0	 	 	 	 	 	1	 	TROPICANA	 	14	1.69	 	1	 	 	OTHER	13.5	1.5	SIMPLY 13.5	 	 	 	 	 	 	1	1	1	1	1	2.99	THERE WAS 0 PRICE LABELS; STAFF TOLD ME THE PRICE	 	 	 	 	1	2.99	 	 	 	 	 	1	3.99	 	 	 	 	 	1	3.99	 	 	 	 	 	1	5.99	 	 	 	 	 	1	5.99	 	 	 	 	 	1	 	TROPICANA	OTHER	4.19	FLORIA NATURAL 4.29; DOLE 3.49; SIMPLY ORANGE 2.99	 	 	 	 	 	 	1	 	TROPICANA	 	1.69	MIN MAID 2.79; SSIPS 1.69; NATURAL COUNTRY; EARTHWISE; WELCH	 	 	 	 	 	 	1	1	2	GROCERY	4261 BROADWAY NY NY; BRAVO SUPERMARKET
2	1	G202	1	1	.75	 	 	 	 	 	1	.75	 	 	 	 	 	0	 	 	0	 	 	 	0	 	 	1	MOUNTAIN DEW	2	 	1	1.69	 	 	 	 	 	1	1.69	 	 	 	 	 	0	 	 	 	 	 	1	 	 	OTHER	12	1.49	V8	0	 	 	 	 	 	 	1	 	 	OTHER	1.67	KERNS	1	0	0	1	1	1.5	 	 	 	 	 	1	1.5	 	 	 	 	 	1	3	8 PACK NOT 6	 	 	 	 	1	3	8 PACK NOT 6	 	 	 	 	1	4.69	 	 	 	 	 	1	4.69	 	 	 	 	 	1	MINUTE MAID	TROPICANA	 	1.99	 	 	 	 	 	 	 	1	 	 	OTHER	2.83	MIRA MANGO	 	 	 	 	 	 	1	1	6	GROCERY	SHOP RITE 100 PASSAIC AVE KEARNY NJ
2	1	G203	1	1	.75	 	 	 	 	 	1	75	 	 	 	 	 	0	 	 	 	 	 	 	0	 	 	 	 	 	 	1	.88	 	 	 	 	 	1	.88	 	 	 	 	 	0	 	 	 	 	 	 	 	 	 	 	 	 	1	 	 	OTHER	12	1.49	12 OZ	 	 	 	 	 	 	1	1	3	1	1	1.5	5/$4 SALE	 	 	 	 	1	1.5	5/$4	 	 	 	 	1	3.69	 	 	 	 	 	1	3.69	 	 	 	 	 	1	4.69	ON SALE: 2/$9.	 	 	 	 	1	4.69	ON SALE: 2/$9.	 	 	 	 	1	MINUTE MAID	TROPICANA	OTHER	 	1.87-3.99	 	 	 	 	 	 	1	MINUTE MAID	TROPICANA	OTHER	 	1.88-2.99	 	 	 	 	 	 	1	1	6	GROCERY	SHOP RITE; 100 PASSAIC AVE; KEARNY; NJ
2	1	G206	 	1	.75	 	 	 	 	 	1	 	0.75	 	 	 	 	0	 	 	0	 	 	 	0	 	 	0	 	 	 	1	1.29	 	 	 	 	 	1	1.29	 	 	 	 	 	1	 	TROPICANA	 	1.29	15.2 OZ	 	 	 	 	 	 	 	1	 	 	OTHER	 	1.49	OCEAN SPRAY	 	 	 	 	 	 	1	0	0	1	1	1.67	 	 	 	 	 	1	1.67	 	 	 	 	 	0	 	 	 	 	 	 	0	 	 	 	 	 	 	1	5.49	 	 	 	 	 	1	5.49	 	 	 	 	 	1	 	 	OTHER	 	TREE RIPE 3.79; FLORIDA'S NATURAL 4.19 $; KRASDALE  2 FOR 3$	 	 	 	 	 	 	1	MINUTE MAID	TROPICANA	OTHER	 	WELCH 3.89; KARASDALE .99; NEW MANS OWN LEMONADE 2.89; TROPICANA 2.09$; MIN MAIS	 	 	 	 	 	 	1	1	5	GROCERY	885 BERGEN AVE JERSEY CITY
2	1	G209	1	0	 	 	 	 	 	 	0	 	 	 	 	 	 	0	 	 	 	 	 	 	0	 	 	 	 	 	 	1	1.79	 	 	 	 	 	1	1.79	 	 	 	 	 	0	 	 	 	 	 	0	 	 	 	 	 	 	0	 	 	 	 	 	 	0	 	 	 	 	 	1	1	3	1	1	1.5	5/$5	 	 	 	 	1	1.5	5/$5	 	 	 	 	1	3.33	 	 	 	 	 	1	3.33	 	 	 	 	 	1	4.5	 	 	 	 	 	1	4.5	 	 	 	 	 	1	MINUTE MAID	TROPICANA	OTHER	 	2.99-3.99	 	 	 	 	 	 	1	MINUTE MAID	TROPICANA	OTHER	 	1.88-2.99	 	 	 	 	 	 	1	1	4	GROCERY	SHOPERITE; 400 MARIN BLVD; JERSEY CITY; NJ
2	2	G209	1	0	 	 	1	REDBULL	2.99	 	0	 	 	1	REDBULL	2.99	 	0	 	 	1	MONSTER	1.99	 	0	 	 	1	MONSTER	1.99	 	1	1.85	 	 	 	 	 	1	1.85	 	 	 	 	 	1	 	 	OTHER	3.29	NAKED	 	 	 	 	 	 	 	1	 	 	OTHER	12	.79	12 OZ	 	 	 	 	 	 	1	1	2	1	1	1.79	 	 	 	 	 	1	1.79	 	 	 	 	 	1	3	 	 	 	 	 	1	3	 	 	 	 	 	1	2.75	 	 	 	 	 	1	2.75	 	 	 	 	 	1	MINUTE MAID	TROPICANA	OTHER	 	TROPICANA 3.99; MIN MAID 2.29; SIMPLY 3.69	 	 	 	 	 	 	1	 	TROPICANA	OTHER	 	TROPICANA 1.99; SSIPS 2/3$;	 	 	 	 	 	 	1	1	3	GROCERY	400 MARIN BLVD JERSEY CITY NJ SHOP RITE
2	1	G210	1	 	 	 	 	 	 	 	 	 	 	 	 	 	 	 	 	 	 	 	 	 	 	 	 	 	 	 	 	1	1.69	 	 	 	 	 	1	1.69	 	 	 	 	 	1	MINUTE MAID	 	 	1.39	 	 	 	 	 	 	 	 	 	 	 	 	 	 	 	 	 	 	 	 	 	1	0	0	1	1	1.5	2 FOR $3	 	 	 	 	1	1.5	2 FOR $3	 	 	 	 	1	3.69	3/$10	 	 	 	 	1	3.69	3/$10	 	 	 	 	1	5.49	3/$10	 	 	 	2.5	1	5.49	3/$10.; SALE	 	 	 	 	1	MINUTE MAID	TROPICANA	OTHER	 	2.79-3.79	 	 	 	 	 	 	1	MINUTE MAID	TROPICANA	OTHER	 	1.99-2.89	 	 	 	 	 	 	1	1	3	GROCERY	STOP AND SHOP 232 CENTRAL AVE JC;NJ
2	2	G210	1	0	 	 	0	 	 	 	0	 	 	0	 	 	 	0	 	 	0	 	 	 	0	 	 	0	 	 	 	1	1.69	 	 	 	 	 	1	1.69	 	 	 	 	 	1	MINUTE MAID	 	 	1.39	 	 	 	 	 	 	 	 	0	 	 	 	 	 	 	0	 	 	 	 	 	1	1	1	1	1	1.89	 	 	 	 	 	1	1.89	 	 	 	 	 	1	3.69	 	 	 	 	 	1	3.69	 	 	 	 	 	1	5.49	ON SALE FOR 4.99	 	 	 	 	1	5.49	ON SALE FOR 4.99	 	 	 	 	1	MINUTE MAID	 	 	2.79	 	 	 	 	 	 	 	1	MINUTE MAID	 	 	2.19	 	 	 	 	 	 	 	1	1	6	GROCERY	STOP AND SHOP AT 232 CENTRAL AVENUE BTWN MANHATTAN AVE AND FRANLKLIN ST. JERSEY CITY; NJ
2	1	G212	1	0	 	 	1	REDBULL	2.19	 	0	 	 	1	REDBULL	2.19	 	0	 	 	1	REDBULL	3.59	 	0	 	 	1	REDBULL	3.59	 	1	1.59	 	 	 	 	 	1	1.59	 	 	 	 	 	0	 	 	 	 	 	1	 	TROPICANA	 	12	1.59	 	0	 	 	 	 	 	 	1	 	 	OTHER	1.49	TROPICAL FRUIT JUICE GUAYABA	1	0	0	1	1	1.09	 	 	 	 	 	1	1.09	 	 	 	 	 	1	3.39	8 PACK NOT 6	 	 	 	 	1	3.39	8 PACK NOT 6	 	 	 	 	1	5.99	 	 	 	 	 	1	5.99	 	 	 	 	 	1	MINUTE MAID	TROPICANA	 	3.99	SIMPL 3.99; FLORIDA'S NATURE 4.29; DOLE 3.49; AMERICA'S CHOICE 1.98	 	 	 	 	 	 	1	 	TROPICANA	 	3.99	SSIPS .98; WELCH 2.48; MINUE MAID 2.18	 	 	 	 	 	 	1	1	6	GROCERY	420 GRAND AVE JERSEY CITY PATH MARK
2	2	G212	1	0	 	 	1	REDBULL	2.99	 	0	 	 	1	REDBULL	2.99	 	0	 	 	1	REDBULL	3.59	 	0	 	 	1	ROCKSTAR	2.19	 	1	1.59	 	 	 	 	 	1	1.59	 	 	 	 	 	0	 	 	 	 	 	1	 	TROPICANA	 	12	1.59	 	0	 	 	 	 	 	 	0	 	 	 	 	 	1	1	1	1	1	1.89	 	 	 	 	 	1	1.89	 	 	 	 	 	1	3.39	 	 	 	 	 	1	3.39	 	 	 	 	 	1	2.5	 	 	 	 	 	1	2.5	 	 	 	 	 	1	MINUTE MAID	TROPICANA	OTHER	 	TROPICANA  3.99; MIN MAID 2.48; SIMPLY 3.99;	 	 	 	 	 	 	1	MINUTE MAID	TROPICANA	OTHER	 	MIN MAID 2.45; TROPICANA 2.15; SSIPS 1.16; WELCH 3.19	 	 	 	 	 	 	1	1	3	GROCERY	420 GRAND ST JERSEY CITY NJ PATHMARK
2	1	G216	1	1	.79	 	 	 	 	 	1	.79	 	 	 	 	 	0	 	 	0	 	 	 	0	 	 	0	 	 	 	1	1.69	 	 	 	 	 	1	1.69	 	 	 	 	 	0	 	 	 	 	 	1	 	TROPICANA	 	14	1.49	 	0	 	 	 	 	 	 	1	 	 	OTHER	.39	SUNNY D	1	1	3	1	1	1.79	 	 	 	 	 	1	1.79	 	 	 	 	 	1	3.99	8 PACK	 	 	 	 	1	3.99	SOLD IN 8 PACKS	 	 	 	 	1	4	REG PRICE 5.49	 	 	 	 	1	4	REG 5.49	 	 	 	 	1	MINUTE MAID	TROPICANA	OTHER	3.33	HAVE MANY BRA NDS OF 100% JUICE.  PRICES RANGE FROM	 	 	 	 	 	 	1	MINUTE MAID	TROPICANA	OTHER	1.67	MINUTE MAID ON SPECIAL. MANY OTHER BRANDS AVAILABLE AT HIGHER PRICES.      MANY	 	 	 	 	 	 	1	1	4	GROCERY	A&J SEABRA SUPERMARKET 260 LAFAYETTE ST; NEWARK NJ
2	1	G222	1	1	.79	 	 	 	 	 	1	.79	 	 	 	 	 	0	 	 	0	 	 	 	0	 	 	0	 	 	 	1	1.69	 	 	 	 	 	1	 	1.69	 	 	 	 	0	 	 	 	 	 	1	 	TROPICANA	 	14	1.49	 	0	 	 	 	 	 	 	1	 	 	OTHER	1.09	 	1	1	4	 	1	1.79	 	 	 	 	 	1	1.79	 	 	 	 	 	1	3.69	8 PACK	 	 	 	 	1	3.69	8 PACK	 	 	 	 	1	3.67	REG PRICE 5.49	 	 	 	 	1	3.67	REG PRICE 5.49	 	 	 	 	1	 	TROPICANA	 	3.33	 	 	 	 	 	 	 	1	 	TROPICANA	 	2.29	 	 	 	 	 	 	 	1	1	4	GROCERY	260 LAFAYETTE ST.; NEWARK NJ
2	1	G224	1	0	 	 	0	 	 	 	1	.79	 	 	 	 	 	0	 	 	0	 	 	 	0	 	 	1	MONSTER	1.99	 	0	 	 	0	 	 	 	1	1.69	 	 	 	 	 	1	 	TROPICANA	 	1.69	 	 	 	 	 	 	 	 	0	 	 	 	 	 	 	1	 	 	OTHER	.33	FRUITY KING	1	0	0	1	1	1.99	 	 	 	 	 	1	1.99	 	 	 	 	 	0	 	 	 	 	 	 	0	 	 	 	 	 	 	1	4.99	 	 	 	 	 	1	4.99	 	 	 	 	 	1	MINUTE MAID	TROPICANA	OTHER	4.29	TROPICANA AND DOLE 4.49 $; SIMPLY MAID 5.99$; MINMAID 3.99	 	 	 	 	 	 	1	MINUTE MAID	TROPICANA	OTHER	4.49	HOMEMAKER 2/3$;3; KARASDALE 1.49$; SSIPS 1.59$	 	 	 	 	 	 	1	1	3	GROCERY	C-TOWN; 506 CENTRAL AVE JERSEY CITY
2	2	G224	1	0	 	 	0	 	 	 	1	.75	 	 	 	 	 	0	 	 	0	 	 	 	0	 	 	0	 	 	 	0	 	 	0	 	 	 	1	1.25	HE WAS NOT SURE ABOUT THE PRICE	 	 	 	 	1	 	TROPICANA	 	1.49	 	 	 	 	 	 	 	 	0	 	 	 	 	 	 	1	 	 	OTHER	.33	FRUITY KING	1	0	0	1	1	1.99	 	 	 	 	 	1	1.99	 	 	 	 	 	1	4.29	8 PACK NOT 6	 	 	 	 	1	4.29	8 PACK NOT 6	 	 	 	 	1	4.99	 	 	 	 	 	1	4.99	 	 	 	 	 	1	 	TROPICANA	 	4.49	SIMPLY ORANGE AND LEMONADE 3.69;	 	 	 	 	 	 	1	MINUTE MAID	 	 	1.67	SSIPS 1.59; KARASDALE .99; HOME MAKER 2/3$; EARTHWISE 2.59$	 	 	 	 	 	 	1	1	4	GROCERY	506 CENTRAL AVE JERSEY CITY; C TOWN
2	1	G228	1	1	.59	 	 	 	 	 	0	 	 	0	 	 	 	0	 	 	0	 	 	 	0	 	 	0	 	 	 	1	1.69	 	 	 	 	 	1	1.69	 	 	 	 	 	0	 	 	 	 	 	0	 	 	 	 	 	 	0	 	 	 	 	 	 	0	 	 	 	 	 	1	0	0	1	1	1.5	 	 	 	 	 	1	1.5	 	 	 	 	 	0	 	 	 	 	 	 	0	 	 	 	 	 	 	1	5.49	 	 	 	 	 	1	5.49	 	 	 	 	 	1	 	TROPICANA	 	3.79	 	 	 	 	 	 	 	1	MINUTE MAID	TROPICANA	OTHER	 	BRANDS: WELCHS SSIPS ; GROWERS PRIDE;VARIES FROM 1.59-3.59	 	 	 	 	 	 	1	1	6	GROCERY	260 LAFAYETTE ST NEWARK A& J SEABRA
2	1	G232	1	1	1.5	 	 	 	 	 	1	1.5	 	 	 	 	 	0	 	 	0	 	 	 	1	 	 	 	 	 	 	1	1.25	 	 	 	 	 	1	1.25	 	 	 	 	 	1	 	TROPICANA	OTHER	1.49	NAKED 2.99	 	 	 	 	 	 	 	1	 	TROPICANA	OTHER	 	1.49	OCEAN SPRAY	 	 	 	 	 	 	1	1	2	1	1	1.79	 	 	 	 	 	1	1.79	 	 	 	 	 	0	 	 	 	 	 	 	0	 	 	 	 	 	 	0	 	 	0	 	 	 	1	4	2 FOR 8	 	 	 	 	1	MINUTE MAID	TROPICANA	 	 	2.69; .2.19	 	 	 	 	 	 	1	MINUTE MAID	TROPICANA	OTHER	 	HOMEMAKET 1.49; BRIGHT EARLY 1.49; SUNSHINE 3.29; SSIP 1.49; WELCH 3.49	 	 	 	 	 	 	1	1	3	GROCERY	125 AVON AVE NEWARK
2	1	G234	1	1	1.25	GLASS BOTTLES	 	 	 	 	0	 	 	1	REDBULL	2.99	 	0	 	 	1	REDBULL	3.59	 	0	 	 	1	REDBULL	3.59	 	1	1.59	 	 	 	 	 	1	1.59	 	 	 	 	 	0	 	 	 	 	 	1	 	TROPICANA	 	12	1.59	 	0	 	 	 	 	 	 	1	 	 	OTHER	1.59	TROP50 12 OZ	1	1	1	1	1	1.09	 	 	 	 	 	1	1.09	 	 	 	 	 	1	3.39	8 PACK NOT 6	 	 	 	 	1	3.39	8 PACK NOT 6	 	 	 	 	1	3.66	 	 	 	 	 	1	3.66	 	 	 	 	 	1	MINUTE MAID	 	 	1.74	FLORIDA'S NATURE 2.48; TROPICANA 3.99; AMERCA'S CHOICE 2.58; SIMPLY ORANGE 3.99;	 	 	 	 	 	 	1	 	TROPICANA	 	2.15	SSIPS .98; WELCH 3.19; MINUE MAID 2.18	 	 	 	 	 	 	1	1	6	GROCERY	115 BELMONT AVE; BELLEVILLE NJ PATHMARK
2	2	G234	1	0	 	 	1	FANTA COCA COLA	 	 	1	1.25	 	 	 	 	 	0	 	 	1	REDBULL	3.59	 	0	 	 	1	REDBULL	3.59	 	1	1.59	 	 	 	 	 	1	1.59	 	 	 	 	 	0	 	 	 	 	 	1	 	TROPICANA	 	12	1.28	 	1	 	 	OTHER	12	1.28	TROP50 12 OZ	 	 	 	 	 	 	1	1	2	1	1	1.89	 	 	 	 	 	1	1.89	 	 	 	 	 	1	3.39	8 PACK NOT 6	 	 	 	 	1	3.39	8 PACK NOT 6	 	 	 	 	1	5.99	 	 	 	 	 	1	5.99	 	 	 	 	 	1	MINUTE MAID	 	 	2.48	 	 	 	 	 	 	 	1	MINUTE MAID	 	 	2.18	 	 	 	 	 	 	 	1	1	6	GROCERY	PATHMARK 115 BEMONT AVE BELLEVILLE
2	3	G234	1	0	 	 	0	 	 	 	1	1.25	GLASS BOTTLES FROM MEXICO	 	 	 	 	0	 	 	0	 	 	 	0	 	 	1	 	 	 	1	1.59	 	 	 	 	 	1	1.59	 	 	 	 	 	0	 	 	 	 	 	1	 	TROPICANA	 	12	1.28	REG 1.59	0	 	 	 	 	 	 	1	 	TROPICANA	 	1.28	REG 1.59	1	1	6	1	1	1.89	 	 	 	 	 	1	1.89	 	 	 	 	 	1	3.39	8 PACK NOT 6	 	 	 	 	1	3.39	8 PACK NOT 6	 	 	 	 	1	2.75	REG PRICE 5.99	 	 	 	 	1	2.75	REG PRICE 5.99	 	 	 	 	1	 	TROPICANA	OTHER	3.99	 	 	 	 	 	 	 	1	 	TROPICANA	 	1.98	 	 	 	 	 	 	 	1	1	6	GROCERY	115 BELMONT AVE. BELLEVILLE; NJ  PATHMARK
2	1	G238	1	1	.75	 	 	 	 	 	1	.75	 	 	 	 	 	0	 	 	0	 	 	 	0	 	 	0	 	 	 	1	1.29	 	 	 	 	 	1	1.29	 	 	 	 	 	1	 	TROPICANA	 	1.29	NAKED 3.49 BOLTHOUSE 3.39	 	 	 	 	 	 	 	 	 	 	 	 	 	 	 	 	 	 	 	 	1	1	2	1	1	1.89	 	 	 	 	 	1	1.89	 	 	 	 	 	1	3.5	 	 	 	 	 	0	 	 	 	 	 	 	1	5.49	 	 	 	 	 	 	 	 	 	 	 	 	1	MINUTE MAID	 	 	3.79	 	 	 	 	 	 	 	1	 	 	OTHER	 	WELCH 4.29 SSIPS  4.69 EARTH WISE 3.19 EARH WISE POMEGRANATE 2.89 DOLLARS	 	 	 	 	 	 	1	1	6	GROCERY	C TOWN 885 BERGEN AVE JERSEY CITY
2	1	G239	1	1	.89	 	 	 	 	 	0	 	 	0	 	 	 	0	 	 	0	 	 	 	0	 	 	0	 	 	 	1	1.75	 	 	 	 	 	1	1.75	 	 	 	 	 	0	 	 	 	 	 	1	 	TROPICANA	 	14	1.49	 	0	 	 	 	 	 	 	0	 	 	 	 	 	1	0	1	1	1	1.5	 	 	 	 	 	1	1.5	 	 	 	 	 	0	 	 	 	 	 	 	0	 	 	 	 	 	 	1	5.49	 	 	 	 	 	1	5.49	 	 	 	 	 	1	MINUTE MAID	TROPICANA	 	 	TROPICANA 3.89$  MIN MAID 2.49	 	 	 	 	 	 	1	MINUTE MAID	TROPICANA	 	 	TROP 3.89 $ MIN MAID 2.49	 	 	 	 	 	 	1	1	6	GROCERY	SEABRA SUPER MARKET CORP; 73 WILSON AVE; NEWARK NJ
2	2	G239	1	1	.99	 	 	 	 	 	1	.99	 	 	 	 	 	0	 	 	0	 	 	 	0	 	 	0	 	 	 	0	 	 	0	 	 	 	1	1.75	 	 	 	 	 	0	 	 	 	 	 	1	 	TROPICANA	 	14	1.49	 	0	 	 	 	 	 	 	1	 	 	OTHER	.99	HAVE SOME IMPORTED FROM BRAZIL DRINKS. IE. GUARANA AND SUMOL	1	1	3	1	1	1.79	 	 	 	 	 	1	1.79	 	 	 	 	 	1	4.29	8 PACK CAN 4.29/6 PACK 8 OZ BOTTLES 4.99	 	 	 	 	1	4.29	8 PACK CANS	 	 	 	 	1	4	REG PRICE 5.49	 	 	 	 	1	4	REG PRICE 5.49	 	 	 	 	1	 	TROPICANA	 	2.99	 	 	 	 	 	 	 	1	 	TROPICANA	 	2.29	 	 	 	 	 	 	 	1	1	3	GROCERY	73 WILSON ST.; NEWARK; NJ
3	1	G102B	1	1	.75	 	 	 	 	 	1	.75	 	 	 	 	 	1	1	16.9	 	 	 	 	1	1	16.9	 	 	 	 	0	 	 	1	DIET PEPSI	1.5	 	0	 	 	1	PEPSI	1.5	 	1	 	TROPICANA	 	1.69	 	 	 	 	 	 	 	 	1	 	 	OTHER	16	1.25	NANTUCKET NECTORS	 	 	 	 	 	 	1	1	6	1	1	1.99	 	 	 	 	 	1	1.99	 	 	 	 	 	0	 	 	 	 	 	 	1	3.99	 	 	 	 	 	1	5.99	 	 	 	 	 	1	5.99	 	 	 	 	 	1	MINUTE MAID	 	 	3.19	SALE 2 FOR 4.00	 	 	 	 	 	 	1	MINUTE MAID	 	 	1.99	 	 	 	 	 	 	 	1	1	6	GROCERY	905 FRANKLIN AVENUE BTWN CROWN AND CARROLL STREETS. BROOKLYN; NY 11225
3	1	G103	1	0	 	 	1	DIET PEPSI	.75	 	1	.75	 	 	 	 	 	0	 	 	1	DIET COCKE	1.25	16.9 OZ	0	 	 	1	COKE	1.25	16.9 OZ	0	 	 	1	DIET PEPSI	1.5	 	1	1.5	 	 	 	 	 	0	 	 	 	 	 	1	 	TROPICANA	 	12	1.79	TROPICANA	0	 	 	 	 	 	 	1	 	 	OTHER	1.25	SNAPPLES	1	1	1	 	1	1.99	SALE PRICE 5/6.00	 	 	 	 	1	1.99	SALE 5/6.00	 	 	 	 	1	3.5	 	 	 	 	 	 	 	 	 	 	 	 	1	5.99	 	 	 	 	 	1	5.99	 	 	 	 	 	1	 	TROPICANA	 	4.69	59.9 OZ	 	 	 	 	 	 	1	MINUTE MAID	 	 	1.99	SALE 3/5.00	 	 	 	 	 	 	1	1	3	GROCERY	FINEFARE SUPERMARKET; 675 MORRIS AV
3	1	G104C	1	0	 	 	0	 	 	 	0	 	 	0	 	 	 	0	 	 	0	 	 	 	0	 	 	0	 	 	 	0	 	 	1	DIET PEPSI	1.25	 	0	 	 	1	PEPSI	1.25	 	0	 	 	 	 	 	0	 	 	 	 	 	 	0	 	 	 	 	 	 	0	 	 	 	 	 	1	1	2	1	1	2.19	 	 	 	 	 	1	2.19	 	 	 	 	 	1	4.49	 	 	 	 	 	1	4.49	 	 	 	 	 	1	5.99	2/9.00 ON SALE	 	 	 	 	1	5.99	2/9.00 ON SALE	 	 	 	 	1	MINUTE MAID	 	 	3.29	 	 	 	 	 	 	 	1	MINUTE MAID	 	 	2.69	 	 	 	 	 	 	 	1	1	6	GROCERY	1345 CASTLE HILL AVE. BRONX NY (PIONEER SUPERMARKET)
3	1	G106	1	0	 	 	0	 	 	 	0	 	 	0	 	 	 	0	 	 	0	 	 	 	0	 	 	0	 	 	 	1	1.69	 	 	 	 	 	1	1.69	 	 	 	 	 	1	 	 	OTHER	1.69	OCEAN SPRAY	 	 	 	 	 	 	 	1	 	 	OTHER	15.2	1.69	OCEAN SPRAY	 	 	 	 	 	 	1	0	 	1	1	1.99	 	 	 	 	 	1	1.99	 	 	 	 	 	1	4.49	 	 	 	 	 	1	4.49	 	 	 	 	 	1	6.79	ON SALE FOR 2/11	 	 	 	 	1	6.79	ON SALE 2/11	 	 	 	 	1	 	TROPICANA	 	4.29	ON SALE FOR 3.99	 	 	 	 	 	 	1	MINUTE MAID	 	 	2.59	ON SALE FOR 2.29	 	 	 	 	 	 	1	1	6	GROCERY	THE SUPERMARKET THAT WAS ONCE HERE IS NOW A FOODTOWN RATHER THAN MET. 7610 37TH AVE. JACKSON HEIGHTS; NY.
3	1	G107C	1	0	 	 	0	 	 	 	0	 	 	0	 	 	 	0	 	 	0	 	 	 	0	 	 	0	 	 	 	0	 	 	0	 	 	 	0	 	 	0	 	 	 	1	 	TROPICANA	 	1.79	14OZ SIZE O.J. NO DEDICATED GRAB AND GO SECTION IN STORE.	 	 	 	 	 	 	 	1	 	TROPICANA	 	12	1.69	CRANBERRY JUICE BLEND	 	 	 	 	 	 	1	1	3	1	1	2.09	SALE 4 FOR 5	 	 	 	 	1	2.09	SALE 4 FOR 5	 	 	 	 	0	 	 	 	 	 	 	0	 	 	 	 	 	 	1	5.99	 	 	 	 	 	1	5.99	 	 	 	 	 	1	 	TROPICANA	 	4.49	SALE 2 FOR 6.00	 	 	 	 	 	 	1	MINUTE MAID	 	 	1.99	 	 	 	 	 	 	 	1	1	5	GROCERY	953 MANHATTAN AVENUE. BROOKLYN NY 11222
3	1	G108	1	0	 	 	0	 	 	 	0	 	 	0	 	 	 	0	 	 	0	 	 	 	0	 	 	0	 	 	 	1	2.25	 	 	 	 	 	1	2.25	 	 	 	 	 	0	 	 	 	 	 	1	 	TROPICANA	 	14	1.99	 	0	 	 	 	 	 	 	1	 	 	OTHER	1.59	 	1	1	5	1	1	2.49	 	 	 	 	 	1	2.49	 	 	 	 	 	1	4.79	ON SALE: 8/3.00	 	 	 	 	1	4.79	ON SALE: 8/3.00	 	 	 	 	1	7.99	 	 	 	 	 	1	7.99	 	 	 	 	 	1	 	TROPICANA	 	5.85	59 OZ	 	 	 	 	 	 	1	 	TROPICANA	 	2.69	59 OZ	 	 	 	 	 	 	1	1	3	GROCERY	D'AGOSTINOS 54 STREET MARKET; 10TH AV/ 54ST
3	1	G109A	1	0	 	 	0	 	 	 	0	 	 	0	 	 	 	0	 	 	0	 	 	 	0	 	 	0	 	 	 	1	1.99	 	 	 	 	 	1	1.99	 	 	 	 	 	0	 	 	 	 	 	0	 	 	 	 	 	 	0	 	 	 	 	 	 	1	 	 	OTHER	1.99	RALPH & CHARLIES 18 OZ	1	1	6	1	1	1.99	SALE FROM 2.49	 	 	 	 	1	1.99	ALL 2 LITER COKE; DR PEPPER SPRITE & FRESCA ON SALE FOR 1.99; UNSURE IF APPLIES	 	 	 	 	1	5.89	 	 	 	 	 	1	5.89	 	 	 	 	 	1	7.99	 	 	 	 	 	1	7.99	 	 	 	 	 	1	 	TROPICANA	OTHER	5.49	 	 	 	 	 	 	 	1	MINUTE MAID	TROPICANA	OTHER	2.79	 	 	 	 	 	 	 	1	1	6	GROCERY	262 W 96 ST; NY NY 10025
3	2	G109A	1	1	1	 	 	 	 	 	1	1	STAFF TOLD ME IT IS 1 $	 	 	 	 	0	 	 	1	SNAPPLE	1.69	 	0	 	 	1	SNAPPLE	1.69	 	1	1.99	 	 	 	 	 	1	1.99	 	 	 	 	 	1	 	TROPICANA	 	2.19	 	 	 	 	 	 	 	 	0	 	 	 	 	 	 	1	 	 	OTHER	2.39	SIMPLY	1	1	2	1	1	2.49	 	 	 	 	 	1	2.49	 	 	 	 	 	1	5.89	 	 	 	 	 	1	5.89	 	 	 	 	 	1	7.99	 	 	 	 	 	1	7.99	 	 	 	 	 	1	 	TROPICANA	 	5.49	 	 	 	 	 	 	 	1	 	TROPICANA	 	2.79	 	 	 	 	 	 	 	1	1	5	GROCERY	GRISTEDES 262 W 96 TH STREET NY NY
3	1	G110	1	0	 	 	0	 	 	 	0	 	 	0	 	 	 	0	 	 	0	 	 	 	0	 	 	0	 	 	 	1	1.79	 	 	 	 	 	1	1.79	 	 	 	 	 	0	 	 	 	 	 	0	 	 	 	 	 	 	1	MINUTE MAID	 	 	20	.99	 	 	 	 	 	 	 	1	0	0	1	1	1.99	 	 	 	 	 	1	1.99	 	 	 	 	 	1	4.59	 	 	 	 	 	1	4.59	 	 	 	 	 	1	6.49	 	 	 	 	 	1	6.49	 	 	 	 	 	1	MINUTE MAID	 	 	3.29	2/6.00	 	 	 	 	 	 	1	MINUTE MAID	 	 	2.49	2/3.00	 	 	 	 	 	 	1	1	6	GROCERY	183-14 HILLSIDE AVE JAMAICA NY
3	2	G110	1	0	 	 	0	 	 	 	1	.5	 	 	 	 	 	0	 	 	0	 	 	 	0	 	 	0	 	 	 	1	1.79	 	 	 	 	 	1	1.79	 	 	 	 	 	0	 	 	 	 	 	0	 	 	 	 	 	 	1	 	 	OTHER	16	1.25	SNAPPLE	 	 	 	 	 	 	1	0	0	1	1	1.99	5/5.00 ON SALE	 	 	 	 	1	1.99	5/5.00 ON SALE	 	 	 	 	1	4.99	3.99 ON SALE	 	 	 	 	1	4.99	3.99 ON SALE	 	 	 	 	1	6.49	COKE ZERO	 	 	 	 	1	6.49	 	 	 	 	 	1	MINUTE MAID	 	 	3.29	2/6.00 ON SALE	 	 	 	 	 	 	1	MINUTE MAID	 	 	2.49	2/4.00 ON SALE	 	 	 	 	 	 	1	1	6	GROCERY	KEY FOOD SUPERMARKET. 183-14 HILLSIDE AVE. QUEENS NY
3	1	G111A	1	0	 	 	0	 	 	 	0	 	 	0	 	 	 	0	 	 	0	 	 	 	0	 	 	0	 	 	 	0	 	 	1	DIET PEPSI	1.25	VENDING MACHINE	0	 	 	1	PEPSI	1.25	VENDING MACHINE	1	 	TROPICANA	 	1.25	 	 	 	 	 	 	 	 	1	 	TROPICANA	 	20	.99	TROPICANA TWISTER	 	 	 	 	 	 	1	1	3	1	1	1.79	SALE 4 FOR 5	 	 	 	 	1	1.79	SALE 4 FOR 5	 	 	 	 	1	4.99	3.99 ON SALE	 	 	 	 	1	4.99	3.99 ON SALE	 	 	 	 	1	5.49	4.88 ON SALE	 	 	 	 	1	5.49	4.88 ON SALE	 	 	 	 	1	MINUTE MAID	 	 	2.88	 	 	 	 	 	 	 	1	MINUTE MAID	 	 	2	 	 	 	 	 	 	 	1	1	6	GROCERY	WESTERN BEEF. 44-44 COLLEGE POINT BLVD. FLUSHING NY
3	1	G112	1	0	 	 	0	 	 	 	1	.69	THERE IS NO REAL SECTION FOR SINGLE SERVE BEVERAGES IN THIS STORE. IT IS AN ETHN	 	 	 	 	0	 	 	0	 	 	 	0	 	 	0	 	 	 	0	 	 	0	 	 	 	0	 	 	0	 	 	 	1	 	TROPICANA	 	1.59	 	 	 	 	 	 	 	 	0	 	 	 	 	 	 	0	 	 	 	 	 	1	1	2	1	0	 	 	0	 	 	 	1	1.99	 	 	 	 	 	0	 	 	 	 	 	 	0	 	 	 	 	 	 	0	 	 	0	 	 	 	1	10.99	THEY HAVE SEVERAL SIX PACKS SOLD TOGETHER AS A BUNDLE; BUT IT IS MORE THAN 12	 	 	 	 	1	 	TROPICANA	 	3.59	 	 	 	 	 	 	 	1	 	 	OTHER	2.19	TROPICAL SPLASH BRAND	 	 	 	 	 	 	1	1	2	GROCERY	2424 CONEY ISLAND AVENUE; BROOKLYN; NY 11223 BETWEEN AVE U ANDB AVE V
3	1	G113A	1	0	 	 	0	 	 	 	1	1.5	2/$3.00	 	 	 	 	0	 	 	0	 	 	 	0	 	 	0	 	 	 	0	 	 	0	 	 	 	0	 	 	0	 	 	 	0	 	 	 	 	 	0	 	 	 	 	 	 	1	 	 	OTHER	16	 	 	 	 	 	 	 	 	0	1	2	1	1	1.99	 	 	 	 	 	1	1.99	 	 	 	 	 	1	4.99	8 PACK	 	 	 	 	1	4.99	8 PACK	 	 	 	 	1	7.99	2/11.00 SALE	 	 	 	 	1	7.99	2/11.00 SALE	 	 	 	 	1	MINUTE MAID	 	 	 	5.29 FOR PURE SQUEEZED;2.99 CARTON FRM CONCENTRATE BOTH 59 OZ	 	 	 	 	 	 	1	MINUTE MAID	 	 	2.29	59 OZ	 	 	 	 	 	 	1	1	2	GROCERY	FINE FARE; 4776 BROADWAY NEAR DYCKMAN ST
3	2	G113A	1	0	 	 	0	 	 	 	1	1	 	 	 	 	 	0	 	 	0	 	 	 	0	 	 	0	 	 	 	0	 	 	0	 	 	 	0	 	 	 	 	 	 	1	 	 	OTHER	1.5	EVERFRESH BRAND 16OZ	 	 	 	 	 	 	 	1	 	 	OTHER	16	1.5	EVERFRESH BRAND	 	 	 	 	 	 	0	1	6	1	1	1.99	 	 	 	 	 	1	1.99	 	 	 	 	 	0	 	 	 	 	 	 	1	3.99	 	 	 	 	 	1	5.99	2/9.00	 	 	 	 	1	5.99	2/9.00	 	 	 	 	1	MINUTE MAID	 	 	5.29	 	 	 	 	 	 	 	1	MINUTE MAID	 	 	1.99	 	 	 	 	 	 	 	1	1	6	GROCERY	FINE FARE SUPERMARKET. 4776 BROADWAY. NY; NY
3	3	G113A	1	1	1.5	2/3$	 	 	 	 	0	 	 	0	 	 	 	0	 	 	1	SNAPPLE TEA	.99	 	0	 	 	1	SNAPPLE	.99	 	0	 	 	1	REDBULL	4.29	CASHIER SAID THEY DONT SELL 20 OZ DRINKS INDIVIDUALLY; THEY HAVE IT IN THE VENDI	0	 	 	1	REDBULL	4.29	 	1	 	 	OTHER	1.5	SNAPPLE; 16 OZ BOTTLE; I COULDNT NOT FIND SMALLER VOLUME	 	 	 	 	 	 	 	0	 	 	 	 	 	 	1	 	 	OTHER	.99	MIRA IS THE BRAND NAME	1	1	2	1	1	1.99	 	 	 	 	 	1	1.99	 	 	 	 	 	1	4.99	 	 	 	 	 	1	4.99	 	 	 	 	 	1	4.5	2/9$	 	 	 	 	1	4.5	2/9$	 	 	 	 	1	 	TROPICANA	OTHER	5.99	DOLE;FLORIDAS NATURE	 	 	 	 	 	 	1	MINUTE MAID	TROPICANA	OTHER	1.99	EARTH WISE 2.89; PATAFE 3.79; BRIGHT&EARLY 2.69	 	 	 	 	 	 	1	1	5	GROCERY	4776 BROADWAY ; NY NY. FINE FARE SUPERMARKET
3	1	G115	1	0	 	 	0	 	 	 	1	1	VERY LITTLE SINGLE SERVE VARITIES IN THIS LOCATION	 	 	 	 	0	 	 	0	 	 	 	0	 	 	0	 	 	 	0	 	 	0	 	 	 	0	 	 	0	 	 	 	0	 	 	 	 	 	0	 	 	 	 	 	 	1	 	 	OTHER	 	1.5	 	 	 	 	 	 	 	1	1	6	1	0	 	 	1	DIET PEPSI	1.69	 	1	1.89	 	 	 	 	 	0	 	 	 	 	 	 	0	 	 	 	 	 	 	1	5.99	 	 	 	 	 	1	5.99	 	 	 	 	 	1	MINUTE MAID	 	 	4.39	 	 	 	 	 	 	 	1	MINUTE MAID	 	 	2	 	 	 	 	 	 	 	1	1	6	GROCERY	BUY RITE SUPERMARKET 8504 20TH AVE; BROOKLYN NY 11214
3	1	G116D	1	0	 	 	0	 	 	 	0	 	 	0	 	 	 	0	 	 	0	 	 	 	0	 	 	0	 	 	 	1	1.99	 	 	 	 	 	1	1.99	 	 	 	 	 	1	 	 	OTHER	1.79	16 OZ LANGER'S100% ORANGE JUICE	 	 	 	 	 	 	 	1	 	 	OTHER	16	1.79	LANGER'S FRUIT PUNCH	 	 	 	 	 	 	1	1	6	1	1	2.49	 	 	 	 	 	1	2.49	 	 	 	 	 	1	5.89	 	 	 	 	 	1	5.89	 	 	 	 	 	1	7.99	 	 	 	 	 	1	7.99	 	 	 	 	 	1	 	TROPICANA	 	5.49	 	 	 	 	 	 	 	1	MINUTE MAID	 	 	2.79	 	 	 	 	 	 	 	1	1	6	GROCERY	202EAST 96TH STREET. NY NY
3	1	G118	1	0	 	 	1	COKE ZERO	1	 	1	1	 	 	 	 	 	0	 	 	0	 	 	 	0	 	 	0	 	 	 	0	 	 	0	 	 	 	0	 	 	0	 	 	 	1	 	 	OTHER	1.19	WELCH'S	 	 	 	 	 	 	 	1	 	 	OTHER	 	1.19	 	 	 	 	 	 	 	1	1	2	1	0	 	 	1	DIET PEPSI	2.09	 	1	2.09	3 FOR 5 SALE	 	 	 	 	1	3.99	 	 	 	 	 	1	3.99	 	 	 	 	 	1	5.99	SALE 3.99	 	 	 	 	1	5.99	SALE 3.99	 	 	 	 	1	 	TROPICANA	 	4.49	2 FOR 5.98	 	 	 	 	 	 	1	MINUTE MAID	 	 	2.49	 	 	 	 	 	 	 	1	1	6	GROCERY	BRAVO SUPERMARKET 4261 BROADWAY BTWN 181ST AND 182ND ST NY; NY
3	2	G118	1	0	 	 	0	 	 	 	0	 	 	1	DR PEPPER	.8	 	0	 	 	0	 	 	 	0	 	 	0	 	 	 	1	1.5	 	 	 	 	 	0	 	 	1	SPRITE	1.5	 	1	 	 	OTHER	1.79	SIMPLY ORANGE	 	 	 	 	 	 	 	1	 	 	OTHER	 	.99	 	 	 	 	 	 	 	1	1	2	1	1	1.89	3 FOR 5 SALE	 	 	 	 	1	1.89	3 FOR 5 SALE	 	 	 	 	1	3.99	 	 	 	 	 	0	 	 	 	 	 	 	0	 	 	0	 	 	 	1	6.49	LOTS OF MISSING PRODUCTS	 	 	 	 	1	MINUTE MAID	 	 	3.99	 	 	 	 	 	 	 	1	MINUTE MAID	 	 	2.49	 	 	 	 	 	 	 	1	1	4	GROCERY	BRAVO SUPERMARKET 4126 BROADWAY BTWN 174TH AND 175TH ST. NY; NY
3	1	G122	1	0	 	 	1	REDBULL	3.39	 	0	 	 	1	REDBULL	3.39	 	0	 	 	1	SNAPPLE	1.59	 	0	 	 	1	SNAPPLE	1.59	 	1	2.25	 	 	 	 	 	1	2.25	 	 	 	 	 	0	 	 	 	 	 	1	 	TROPICANA	 	14	1.99	 	0	 	 	 	 	 	 	0	 	 	 	 	 	1	1	4	1	1	1.79	 	 	 	 	 	1	1.79	 	 	 	 	 	1	4.79	 	 	 	 	 	1	4.79	 	 	 	 	 	1	7.99	 	 	 	 	 	1	7.99	 	 	 	 	 	1	 	TROPICANA	OTHER	5.85	PRICE VARIES FROM 4.99-5.85	 	 	 	 	 	 	1	 	TROPICANA	 	2.69	PRICE VARIES FROM 2.75-5.89	 	 	 	 	 	 	1	1	6	GROCERY	GRISTIE DAGOSTINO 815 10 THE AVE NY NY
3	1	G124A	1	0	 	 	0	 	 	 	1	.75	 	 	 	 	 	0	 	 	0	 	 	 	0	 	 	0	 	 	 	1	1.5	 	 	 	 	 	1	1.5	 	 	 	 	 	1	 	 	OTHER	 	APPLE AND EVE (6.75OZ)	 	 	 	 	 	 	 	0	 	 	 	 	 	 	0	 	 	 	 	 	1	1	1	1	1	1.99	 	 	 	 	 	1	1.99	 	 	 	 	 	1	3.99	COKE ZERO	 	 	 	 	1	3.99	 	 	 	 	 	1	5.99	ON SALE 2/10.00	 	 	 	 	1	5.99	ON SALE 2/10.00	 	 	 	 	1	MINUTE MAID	 	 	3.29	 	 	 	 	 	 	 	1	MINUTE MAID	 	 	1.99	 	 	 	 	 	 	 	1	1	6	GROCERY	ASSOCIATED SUPERMARKETS . 2400 ADAM CLAYTON POWELL BLVD. NY; NY 10030
3	2	G124A	1	0	 	 	1	CAWY	1.5	2/$3	1	.75	 	 	 	 	 	0	 	 	0	 	 	 	0	 	 	1	SNAPPLE	1.25	 	1	1.49	 	 	 	 	 	1	1.49	 	 	 	 	 	0	 	 	 	 	 	0	 	 	 	 	 	 	0	 	 	 	 	 	 	1	 	 	OTHER	.99	MISTIC	1	1	2	1	1	1.99	 	 	 	 	 	1	1.99	 	 	 	 	 	1	4.99	 	 	 	 	 	1	4.99	 	 	 	 	 	1	4.5	2/9$	 	 	 	 	1	4.5	2/$9	 	 	 	 	1	MINUTE MAID	TROPICANA	OTHER	3.99	 	 	 	 	 	 	 	1	 	TROPICANA	OTHER	 	WELCK; SSIPS; EARHWISE;VARIES FROM 1.59-3.59	 	 	 	 	 	 	1	1	6	GROCERY	ASSOCIATED SUPERMARKET 244 ADAM CLAYTON POWELL JR BLVD
3	1	G127B	1	0	 	 	0	 	 	 	0	 	 	1	PEPSI	1	VERY LITTLE PRODUCT IN SODA COOLER WHICH IS LOCATED BY DELI AREA	0	 	 	0	 	 	 	0	 	 	0	 	 	 	0	 	 	1	DIET PEPSI	1.5	 	0	 	 	1	PEPSI	1.5	 	0	 	 	 	 	 	0	 	 	 	 	 	 	0	 	 	 	 	 	 	0	 	 	 	 	 	1	1	3	1	1	1.99	ON SALE 3 FOR 4.00	 	 	 	 	1	1.99	ON SALE 3 FOR 4.00	 	 	 	 	1	4.99	COKE ZERO	 	 	 	 	1	4.99	 	 	 	 	 	1	6.79	4.99 ON SALE	 	 	 	 	1	6.79	4.99 ON SALE	 	 	 	 	1	 	TROPICANA	 	4.29	 	 	 	 	 	 	 	1	MINUTE MAID	 	 	2.39	 	 	 	 	 	 	 	1	1	6	GROCERY	8210 BAXTER AVENUE.  FLUSHING; NY 11373
3	1	G128	1	0	 	 	0	 	 	 	0	 	 	1	C&C COLA	.75	SINGLE SERVE AREA LOCATED BEHIND DELI COUNTER N	0	 	 	0	 	 	 	0	 	 	0	 	 	 	0	 	 	0	 	 	 	0	 	 	0	 	 	 	1	 	TROPICANA	 	1.5	 	 	 	 	 	 	 	 	1	 	 	OTHER	 	1.25	 	 	 	 	 	 	 	1	0	0	1	1	1.99	 	 	 	 	 	1	1.99	 	 	 	 	 	0	 	 	 	 	 	 	0	 	 	 	 	 	 	1	6.49	 	 	 	 	 	1	6.49	 	 	 	 	 	1	 	TROPICANA	 	4.29	ON SALE FOR 2.99	 	 	 	 	 	 	1	MINUTE MAID	 	 	1.99	 	 	 	 	 	 	 	1	1	6	GROCERY	146 EAST 98TH STREET @ WINTHROP ST. BROOKLYN; NY
3	2	G128	1	0	 	 	0	 	 	 	0	 	 	1	C&C	.5	BEHIND DELI COUNTER	0	 	 	0	 	 	 	0	 	 	0	 	 	 	0	 	 	0	 	 	 	0	 	 	0	 	 	 	1	 	 	OTHER	.99	WELCH'S BRAND IN A DIFFERENT AREA OF STORE	 	 	 	 	 	 	 	1	 	 	OTHER	16	.99	WELCH'S BRAND	 	 	 	 	 	 	1	0	0	1	0	 	 	1	DIET PEPSI	1.99	 	1	1.99	 	 	 	 	 	0	 	 	 	 	 	 	0	 	 	 	 	 	 	1	6.49	 	 	 	 	 	1	6.49	 	 	 	 	 	1	 	TROPICANA	 	4.29	ON SALE FOR 2.99	 	 	 	 	 	 	1	MINUTE MAID	 	 	2.39	ON SALE FOR1.69	 	 	 	 	 	 	1	1	6	GROCERY	C-TOWN 146 EAST 98TH ST @WINTROP AVE. BKLYN; NY
3	1	G130	1	1	.75	 	 	 	 	 	1	.75	 	 	 	 	 	0	 	 	0	 	 	 	0	 	 	0	 	 	 	1	1.5	 	 	 	 	 	1	1.5	 	 	 	 	 	1	 	TROPICANA	 	1.69	14OZ SIZE	 	 	 	 	 	 	 	1	 	 	OTHER	 	1.25	 	 	 	 	 	 	 	1	1	1	1	1	1.89	 	 	 	 	 	1	1.89	 	 	 	 	 	0	 	 	 	 	 	 	0	 	 	 	 	 	 	1	5.99	ON SALE 2/10.00	 	 	 	 	1	5.99	ON SALE 2/10.00	 	 	 	 	1	MINUTE MAID	 	 	3.39	 	 	 	 	 	 	 	1	MINUTE MAID	 	 	2.39	ON SALE 3/ 5.00	 	 	 	 	 	 	1	1	6	GROCERY	ASSOCIATED SUPERMARKET 1486 LEXINGTON AVENUE @ 96TH ST NY; NY
3	1	G132	1	0	 	 	0	 	 	 	0	 	 	0	 	 	 	0	 	 	0	 	 	 	0	 	 	0	 	 	 	0	 	 	1	DIET PEPSI	1.25	ONLY SINGLE SERVE BEVERAGES WERE IN A VENDING MACHINE	0	 	 	1	PEPSI	1.25	LOCATED IN VENDING MACHINE	1	 	 	OTHER	1.25	APPLE AND EVE (6.75OZ)	 	 	 	 	 	 	 	1	 	 	OTHER	 	1.25	 	 	 	 	 	 	 	1	1	6	1	1	1.79	SALE 4 FOR 5	 	 	 	 	1	1.79	SALE 4 FOR 5	 	 	 	 	1	3.99	 	 	 	 	 	1	3.99	 	 	 	 	 	1	5.49	 	 	 	 	 	1	5.49	 	 	 	 	 	1	MINUTE MAID	 	 	2.88	LOW ACID VERSION WAS 3.49	 	 	 	 	 	 	1	MINUTE MAID	 	 	1.99	 	 	 	 	 	 	 	1	1	6	GROCERY	WESTERN BEEF SUPERMARKET. 2050 WEBSTER AVENUE. BRONX NY 10457
3	1	G134	1	1	.75	 	 	 	 	 	0	 	 	1	DR PEPPER	.75	 	1	1	16.9	 	 	 	 	1	1	16.9	 	 	 	 	0	 	 	0	 	 	 	0	 	 	0	 	 	 	1	 	 	OTHER	1.25	16 OZ LANGER'S100% PINEAPPLE JUICE	 	 	 	 	 	 	 	1	 	 	OTHER	16	1.25	LANGER'S FRUIT PUNCH	 	 	 	 	 	 	1	1	3	1	1	1.99	 	 	 	 	 	1	1.99	 	 	 	 	 	1	4.59	3.99 ON SALE	 	 	 	 	1	4.59	3.99 ON SALE	 	 	 	 	1	6.49	 	 	 	 	 	0	 	 	1	PEPSI	5.99	ON SALE FOR 3.99	1	 	TROPICANA	 	4.39	 	 	 	 	 	 	 	1	MINUTE MAID	 	 	2.49	 	 	 	 	 	 	 	1	1	6	GROCERY	C-TOWN SUPERMARKET; 325 LAFAYETTE AVENUE
3	1	G138	1	0	 	 	0	 	 	 	0	 	 	0	 	 	 	0	 	 	0	 	 	 	0	 	 	 	 	 	 	1	1.99	 	 	 	 	 	1	1.99	 	 	 	 	 	1	 	 	OTHER	2.99	16 OZ. FOOD EMPORIUM BRAND	 	 	 	 	 	 	 	0	 	 	 	 	 	 	0	 	 	 	 	 	1	1	6	1	1	2.29	 	 	 	 	 	0	 	 	1	PEPSI	2.29	1.79 ON SALE	1	4.99	 	0	 	 	 	1	4.99	 	1	 	 	 	1	6.99	ON SALE FOR 2 FOR 9$	 	 	 	 	1	6.99	ON SALE 2 FOR 9$	 	 	 	 	1	MINUTE MAID	 	 	4.29	 	 	 	 	 	 	 	1	MINUTE MAID	 	 	2.49	 	 	 	 	 	 	 	1	1	6	GROCERY	452 WEST 43RD ST. NY; NY
3	2	G138	1	0	 	 	1	REDBULL	2.99	THIS SUPERMARKET IS UNDER CONSTRTUCTION.  I TRIED TO FIND MOST OF THE ITEM BUT S	0	 	 	1	REDBULL	2.99	 	0	 	 	0	 	 	 	0	 	 	0	 	 	 	1	1.99	 	 	 	 	 	1	1.99	 	 	 	 	 	0	 	 	 	 	 	0	 	 	 	 	 	 	0	 	 	 	 	 	 	1	 	 	 	1.75	TROP 50	1	1	1	1	1	2.29	 	 	 	 	 	1	2.29	 	 	 	 	 	1	4.99	8 PACK NOT 6	 	 	 	 	1	4.99	8 PACK NOT 6	 	 	 	 	1	6.99	 	 	 	 	 	1	6.99	 	 	 	 	 	1	 	TROPICANA	 	4.49	 	 	 	 	 	 	 	1	 	TROPICANA	 	3.09	PRICE VARIES FROM 2.75-4.49	 	 	 	 	 	 	1	1	6	GROCERY	FOOD EMPORIUM 452 WEST 43 RD ST NY NY
3	1	G139	1	0	 	 	1	REDBULL	2.99	 	0	 	 	1	PEPSI	1.19	 	0	 	 	1	SNAPPLE	1.09	 	0	 	 	1	MONSTER	1.99	 	0	 	 	0	 	 	 	0	 	 	1	TROPICAL FANTASY	.5	21 OZ	0	 	 	 	 	 	1	 	TROPICANA	 	14	1.69	 	1	 	 	OTHER	13.5	1.5	SIMPLY	 	 	 	 	 	 	1	1	1	1	1	2.99	THERE WAS NO PRICE LABELS; STAFF TOLD ME THE PRICE	 	 	 	 	1	2.99	 	 	 	 	 	1	3.99	 	 	 	 	 	1	3.99	 	 	 	 	 	1	5.99	 	 	 	 	 	1	5.99	 	 	 	 	 	1	 	TROPICANA	OTHER	4.19	FLORIA NATURAL 4.29; DOLE 3.49; SIMPLY ORANGE 2.99	 	 	 	 	 	 	1	 	TROPICANA	 	1.69	MIN MAID 2.79; SSIPS 1.69; NATURAL COUNTRY; EARTHWISE; WELCH	 	 	 	 	 	 	1	1	2	GROCERY	4261 BROADWAY NY NY; BRAVO SUPERMARKET
3	1	G202	1	1	.75	 	 	 	 	 	1	.75	 	 	 	 	 	0	 	 	0	 	 	 	0	 	 	1	MOUNTAIN DEW	2	 	1	1.69	 	 	 	 	 	1	1.69	 	 	 	 	 	0	 	 	 	 	 	1	 	 	OTHER	12	1.49	V8	0	 	 	 	 	 	 	1	 	 	OTHER	1.67	KERNS	1	0	0	1	1	1.5	 	 	 	 	 	1	1.5	 	 	 	 	 	1	3	8 PACK NOT 6	 	 	 	 	1	3	8 PACK NOT 6	 	 	 	 	1	4.69	 	 	 	 	 	1	4.69	 	 	 	 	 	1	MINUTE MAID	TROPICANA	 	1.99	 	 	 	 	 	 	 	1	 	 	OTHER	2.83	MIRA MANGO	 	 	 	 	 	 	1	1	6	GROCERY	SHOP RITE 100 PASSAIC AVE KEARNY NJ
3	1	G203	1	1	.75	 	 	 	 	 	1	75	 	 	 	 	 	0	 	 	 	 	 	 	0	 	 	 	 	 	 	1	.88	 	 	 	 	 	1	.88	 	 	 	 	 	0	 	 	 	 	 	 	 	 	 	 	 	 	1	 	 	OTHER	12	1.49	 	 	 	 	 	 	 	1	1	3	1	1	1.5	5/$4 SALE	 	 	 	 	1	1.5	5/$4	 	 	 	 	1	3.69	 	 	 	 	 	1	3.69	 	 	 	 	 	1	4.69	ON SALE: 2/$9.	 	 	 	 	1	4.69	ON SALE: 2/$9.	 	 	 	 	1	MINUTE MAID	TROPICANA	OTHER	 	1.87-3.99	 	 	 	 	 	 	1	MINUTE MAID	TROPICANA	OTHER	 	1.88-2.99	 	 	 	 	 	 	1	1	6	GROCERY	SHOP RITE
3	1	G206	 	1	.75	 	 	 	 	 	1	 	0.75	 	 	 	 	0	 	 	0	 	 	 	0	 	 	0	 	 	 	1	1.29	 	 	 	 	 	1	1.29	 	 	 	 	 	1	 	TROPICANA	 	15.2	1.29	 	 	 	 	 	 	 	1	 	 	OTHER	15.2	1.49	OCEAN SPRAY	 	 	 	 	 	 	1	0	0	1	1	1.67	 	 	 	 	 	1	1.67	 	 	 	 	 	0	 	 	 	 	 	 	0	 	 	 	 	 	 	1	5.49	 	 	 	 	 	1	5.49	 	 	 	 	 	1	 	 	OTHER	3.79	TREE RIPE 3.79; FLORIDA'S NATURAL 4.19 $; KRASDALE  2 FOR 3$	 	 	 	 	 	 	1	MINUTE MAID	TROPICANA	OTHER	 	WELCH 3.89; KARASDALE .99; NEW MANS OWN LEMONADE 2.89; TROPICANA 2.09$; MIN MAIS	 	 	 	 	 	 	1	1	5	GROCERY	885 BERGEN AVE JERSEY CITY
3	1	G209	1	0	 	 	 	 	 	 	0	 	 	 	 	 	 	0	 	 	 	 	 	 	0	 	 	 	 	 	 	1	1.79	 	 	 	 	 	1	1.79	 	 	 	 	 	0	 	 	 	 	 	0	 	 	 	 	 	 	0	 	 	 	 	 	 	0	 	 	 	 	 	1	1	3	1	1	1.5	5/$5	 	 	 	 	1	1.5	5/$5	 	 	 	 	1	3.33	 	 	 	 	 	1	3.33	 	 	 	 	 	1	4.5	2/$9	 	 	 	 	1	4.5	2/$9	 	 	 	 	1	MINUTE MAID	TROPICANA	OTHER	 	2.99-3.99	 	 	 	 	 	 	1	MINUTE MAID	TROPICANA	OTHER	 	1.88-2.99	 	 	 	 	 	 	1	1	4	GROCERY	SHOPERITE
3	2	G209	1	0	 	 	1	REDBULL	2.99	 	0	 	 	1	REDBULL	2.99	 	0	 	 	1	MONSTER	1.99	 	0	 	 	1	MONSTER	1.99	 	1	1.85	 	 	 	 	 	1	1.85	 	 	 	 	 	1	 	 	OTHER	3.29	NAKED	 	 	 	 	 	 	 	1	 	 	OTHER	12	79	 	 	 	 	 	 	 	1	1	2	1	1	1.79	 	 	 	 	 	1	1.79	 	 	 	 	 	1	3	 	 	 	 	 	1	3	 	 	 	 	 	1	2.75	4/11$	 	 	 	 	1	2.75	4/11$	 	 	 	 	1	MINUTE MAID	TROPICANA	OTHER	 	TROPICANA 3.99; MIN MAID 2.29; SIMPLY 3.69	 	 	 	 	 	 	1	 	TROPICANA	OTHER	 	TROPICANA 1.99; SSIPS 2/3$;	 	 	 	 	 	 	1	1	3	GROCERY	400 MARIN BLVD JERSEY CITY NJ SHOP RITE
3	1	G210	1	 	 	 	 	 	 	 	 	 	 	 	 	 	 	 	 	 	 	 	 	 	 	 	 	 	 	 	 	1	1.69	 	 	 	 	 	1	1.69	 	 	 	 	 	1	MINUTE MAID	 	 	1.39	 	 	 	 	 	 	 	 	 	 	 	 	 	 	 	 	 	 	 	 	 	1	0	0	1	1	1.5	2 FOR $3	 	 	 	 	1	1.5	2 FOR $3	 	 	 	 	1	3.69	3/$10	 	 	 	 	1	3.69	3/$10	 	 	 	 	1	5.49	3/$10	 	 	 	 	1	5.49	3/$10.; SALE	 	 	 	 	1	MINUTE MAID	TROPICANA	OTHER	 	2.79-3.79	 	 	 	 	 	 	1	MINUTE MAID	TROPICANA	OTHER	 	1.99-2.89	 	 	 	 	 	 	1	1	3	GROCERY	STOP AND SHOP 232 CENTRAL AVE JC;NJ
3	2	G210	1	0	 	 	0	 	 	 	0	 	 	0	 	 	 	0	 	 	0	 	 	 	0	 	 	0	 	 	 	1	1.69	 	 	 	 	 	1	1.69	 	 	 	 	 	1	MINUTE MAID	 	 	1.39	 	 	 	 	 	 	 	 	0	 	 	 	 	 	 	0	 	 	 	 	 	1	1	1	1	1	1.89	 	 	 	 	 	1	1.89	 	 	 	 	 	1	3.69	 	 	 	 	 	1	3.69	 	 	 	 	 	1	5.49	ON SALE FOR 4.99	 	 	 	 	1	5.49	ON SALE FOR 4.99	 	 	 	 	1	MINUTE MAID	 	 	2.79	 	 	 	 	 	 	 	1	MINUTE MAID	 	 	2.19	 	 	 	 	 	 	 	1	1	6	GROCERY	STOP AND SHOP AT 232 CENTRAL AVENUE BTWN MANHATTAN AVE AND FRANLKLIN ST. JERSEY CITY; NJ
3	1	G212	1	0	 	 	1	REDBULL	2.19	 	0	 	 	1	REDBULL	2.19	 	0	 	 	1	REDBULL	3.59	 	0	 	 	1	REDBULL	3.59	 	1	1.59	 	 	 	 	 	1	1.59	 	 	 	 	 	0	 	 	 	 	 	1	 	TROPICANA	 	12	1.59	 	0	 	 	 	 	 	 	1	 	 	OTHER	1.49	TROPICAL FRUIT JUICE GUAYABA	1	0	0	1	1	1.09	 	 	 	 	 	1	1.09	 	 	 	 	 	1	3.39	8 PACK NOT 6	 	 	 	 	1	3.39	8 PACK NOT 6	 	 	 	 	1	5.99	 	 	 	 	 	1	5.99	 	 	 	 	 	1	MINUTE MAID	TROPICANA	 	3.99	SIMPL 3.99; FLORIDA'S NATURE 4.29; DOLE 3.49; AMERICA'S CHOICE 1.98	 	 	 	 	 	 	1	 	TROPICANA	 	3.99	SSIPS .98; WELCH 2.48; MINUE MAID 2.18	 	 	 	 	 	 	1	1	6	GROCERY	420 GRAND AVE JERSEY CITY PATH MARK
3	2	G212	1	0	 	 	1	REDBULL	2.99	 	0	 	 	1	REDBULL	2.99	 	0	 	 	1	REDBULL	3.59	 	0	 	 	1	ROCKSTAR	2.19	 	1	1.59	 	 	 	 	 	1	1.59	 	 	 	 	 	0	 	 	 	 	 	1	 	TROPICANA	 	12	1.59	 	0	 	 	 	 	 	 	0	 	 	 	 	 	1	1	1	1	1	1.89	 	 	 	 	 	1	1.89	 	 	 	 	 	1	3.39	 	 	 	 	 	1	3.39	 	 	 	 	 	1	2.5	4/$10	 	 	 	 	1	2.5	4/10$	 	 	 	 	1	MINUTE MAID	TROPICANA	OTHER	 	TROPICANA  3.99; MIN MAID 2.48; SIMPLY 3.99;	 	 	 	 	 	 	1	MINUTE MAID	TROPICANA	OTHER	 	MIN MAID 2.45; TROPICANA 2.15; SSIPS 1.16; WELCH 3.19	 	 	 	 	 	 	1	1	3	GROCERY	420 GRAND ST JERSEY CITY NJ PATHMARK
3	1	G216	1	1	.79	 	 	 	 	 	1	.79	 	 	 	 	 	0	 	 	0	 	 	 	0	 	 	0	 	 	 	1	1.69	 	 	 	 	 	1	1.69	 	 	 	 	 	0	 	 	 	 	 	1	 	TROPICANA	 	14	1.49	 	0	 	 	 	 	 	 	1	 	 	OTHER	.39	SUNNY D	1	1	3	1	1	1.79	 	 	 	 	 	1	1.79	 	 	 	 	 	1	3.99	8 PACK	 	 	 	 	1	3.99	SOLD IN 8 PACKS	 	 	 	 	1	4	REG PRICE 5.49	 	 	 	 	1	4	REG 5.49	 	 	 	 	1	MINUTE MAID	TROPICANA	OTHER	3.33	HAVE MANY BRA NDS OF 100% JUICE.  PRICES RANGE FROM	 	 	 	 	 	 	1	MINUTE MAID	TROPICANA	OTHER	1.67	MINUTE MAID ON SPECIAL. MANY OTHER BRANDS AVAILABLE AT HIGHER PRICES.      MANY	 	 	 	 	 	 	1	1	4	GROCERY	A&J SEABRA SUPERMARKET 260 LAFAYETTE ST; NEWARK NJ
3	1	G222	1	1	.79	 	 	 	 	 	1	.79	 	 	 	 	 	0	 	 	0	 	 	 	0	 	 	0	 	 	 	1	1.69	 	 	 	 	 	1	 	1.69	 	 	 	 	0	 	 	 	 	 	1	 	TROPICANA	 	14	1.49	 	0	 	 	 	 	 	 	1	 	 	OTHER	1.09	 	1	1	4	 	1	1.79	 	 	 	 	 	1	1.79	 	 	 	 	 	1	3.69	8 PACK	 	 	 	 	1	3.69	8 PACK	 	 	 	 	1	3.67	REG PRICE 5.49	 	 	 	 	1	3.67	REG PRICE 5.49	 	 	 	 	1	 	TROPICANA	 	3.33	 	 	 	 	 	 	 	1	 	TROPICANA	 	2.29	 	 	 	 	 	 	 	1	1	4	GROCERY	260 LAFAYETTE ST.; NEWARK NJ
3	1	G224	1	0	 	 	0	 	 	 	1	.79	 	 	 	 	 	0	 	 	0	 	 	 	0	 	 	1	MONSTER	1.99	 	0	 	 	0	 	 	 	1	1.69	 	 	 	 	 	1	 	TROPICANA	 	1.69	 	 	 	 	 	 	 	 	0	 	 	 	 	 	 	1	 	 	OTHER	.33	FRUITY KING	1	0	0	1	1	1.99	 	 	 	 	 	1	1.99	 	 	 	 	 	0	 	 	 	 	 	 	0	 	 	 	 	 	 	1	4.99	 	 	 	 	 	1	4.99	 	 	 	 	 	1	MINUTE MAID	TROPICANA	OTHER	4.29	TROPICANA AND DOLE 4.49 $; SIMPLY MAID 5.99$; MINMAID 3.99	 	 	 	 	 	 	1	MINUTE MAID	TROPICANA	OTHER	4.49	HOMEMAKER 2/3$;3; KARASDALE 1.49$; SSIPS 1.59$	 	 	 	 	 	 	1	1	3	GROCERY	506 CENTRAL AVE JERSEY CITY
3	2	G224	1	0	 	 	0	 	 	 	1	.75	 	 	 	 	 	0	 	 	0	 	 	 	0	 	 	0	 	 	 	0	 	 	0	 	 	 	1	1.25	HE WAS NOT SURE ABOUT THE PRICE	 	 	 	 	1	 	TROPICANA	 	1.49	 	 	 	 	 	 	 	 	0	 	 	 	 	 	 	1	 	 	OTHER	.33	FRUITY KING	1	0	0	1	1	1.99	 	 	 	 	 	1	1.99	 	 	 	 	 	1	4.29	8 PACK NOT 6	 	 	 	 	1	4.29	8 PACK NOT 6	 	 	 	 	1	4.99	 	 	 	 	 	1	4.99	 	 	 	 	 	1	 	TROPICANA	 	4.49	SIMPLY ORANGE AND LEMONADE 3.69;	 	 	 	 	 	 	1	MINUTE MAID	 	 	1.67	SSIPS 1.59; KARASDALE .99; HOME MAKER 2/3$; EARTHWISE 2.59$	 	 	 	 	 	 	1	1	4	GROCERY	506 CENTRAL AVE JERSEY CITY; C TOWN
3	1	G228	1	1	.59	 	 	 	 	 	0	 	 	0	 	 	 	0	 	 	0	 	 	 	0	 	 	0	 	 	 	1	1.69	 	 	 	 	 	1	1.69	 	 	 	 	 	0	 	 	 	 	 	0	 	 	 	 	 	 	0	 	 	 	 	 	 	0	 	 	 	 	 	1	0	0	1	1	1.5	 	 	 	 	 	1	1.5	 	 	 	 	 	0	 	 	 	 	 	 	0	 	 	 	 	 	 	1	5.49	 	 	 	 	 	1	5.49	 	 	 	 	 	1	 	TROPICANA	 	3.79	 	 	 	 	 	 	 	1	MINUTE MAID	TROPICANA	OTHER	 	BRANDS: WELCHS SSIPS ; GROWERS PRIDE;VARIES FROM 1.59-3.39	 	 	 	 	 	 	1	1	6	GROCERY	260 LAFAYETTE ST NEWARK A& J SEABRA
3	1	G232	1	1	1.5	 	 	 	 	 	1	1.5	 	 	 	 	 	0	 	 	0	 	 	 	1	 	 	 	 	 	 	1	1.25	 	 	 	 	 	1	1.25	 	 	 	 	 	1	 	TROPICANA	OTHER	1.49	NAKED 2.99	 	 	 	 	 	 	 	1	 	TROPICANA	OTHER	15.2	1.49	OCEAN SPRAY	 	 	 	 	 	 	1	1	2	1	1	1.79	 	 	 	 	 	1	1.79	 	 	 	 	 	0	 	 	 	 	 	 	0	 	 	 	 	 	 	0	 	 	0	 	 	 	1	4	2 FOR 8	 	 	 	 	1	MINUTE MAID	TROPICANA	 	 	2.69; .2.19	 	 	 	 	 	 	1	MINUTE MAID	TROPICANA	OTHER	 	HOMEMAKET 1.49; BRIGHT EARLY 1.49; SUNSHINE 3.29; SSIP 1.49; WELCH 3.49	 	 	 	 	 	 	1	1	3	GROCERY	125 AVON AVE NEWARK
3	1	G234	1	1	1.25	GLASS BOTTLES; 4/$5	 	 	 	 	0	 	 	1	REDBULL	2.99	 	0	 	 	1	REDBULL	3.59	 	0	 	 	1	REDBULL	3.59	 	1	1.59	 	 	 	 	 	1	1.59	 	 	 	 	 	0	 	 	 	 	 	1	 	TROPICANA	 	12	1.59	 	0	 	 	 	 	 	 	1	 	 	OTHER	1.59	TROP50 12 OZ	1	1	1	1	1	1.09	 	 	 	 	 	1	1.09	 	 	 	 	 	1	3.39	8 PACK NOT 6	 	 	 	 	1	3.39	8 PACK NOT 6	 	 	 	 	1	3.66	3/10.98	 	 	 	 	1	3.66	3/10.98	 	 	 	 	1	MINUTE MAID	 	 	1.74	FLORIDA'S NATURE 2.48; TROPICANA 3.99; AMERCA'S CHOICE 2.58; SIMPLY ORANGE 3.99;	 	 	 	 	 	 	1	 	TROPICANA	 	2.15	SSIPS .98; WELCH 3.19; MINUE MAID 2.18	 	 	 	 	 	 	1	1	6	GROCERY	115 BELMONT AVE; BELLEVILLE NJ PATHMARK
3	2	G234	1	0	 	 	1	FANTA COCA COLA	1.25	4/5 DOLLARS	1	1.25	4/5 $	 	 	 	 	0	 	 	1	REDBULL	3.59	 	0	 	 	1	REDBULL	3.59	 	1	1.59	 	 	 	 	 	1	1.59	 	 	 	 	 	0	 	 	 	 	 	1	 	TROPICANA	 	12	1.28	 	1	 	 	OTHER	12	1.28	TROP50	 	 	 	 	 	 	1	1	2	1	1	1.89	 	 	 	 	 	1	1.89	 	 	 	 	 	1	3.39	8 PACK NOT 6	 	 	 	 	1	3.39	8 PACK NOT 6	 	 	 	 	1	5.99	 	 	 	 	 	1	5.99	 	 	 	 	 	1	MINUTE MAID	 	 	2.48	 	 	 	 	 	 	 	1	MINUTE MAID	 	 	2.18	 	 	 	 	 	 	 	1	1	6	GROCERY	PATHMARK 115 BEMONT AVE BELLEVILLE
3	3	G234	1	0	 	 	0	 	 	 	1	1.25	GLASS BOTTLES FROM MEXICO	 	 	 	 	0	 	 	0	 	 	 	0	 	 	1	 	 	 	1	1.59	 	 	 	 	 	1	1.59	 	 	 	 	 	0	 	 	 	 	 	1	 	TROPICANA	 	12	1.28	REG 1.59	0	 	 	 	 	 	 	1	 	TROPICANA	 	1.28	REG 1.59	1	1	6	1	1	1.89	 	 	 	 	 	1	1.89	 	 	 	 	 	1	3.39	8 PACK NOT 6	 	 	 	 	1	3.39	8 PACK NOT 6	 	 	 	 	1	2.75	REG PRICE 5.99	 	 	 	 	1	2.75	REG PRICE 5.99	 	 	 	 	1	 	TROPICANA	OTHER	3.99	 	 	 	 	 	 	 	1	 	TROPICANA	 	1.98	 	 	 	 	 	 	 	1	1	6	GROCERY	115 BELMONT AVE. BELLEVILLE; NJ  PATHMARK
3	1	G238	1	1	.75	 	 	 	 	 	1	.75	 	 	 	 	 	0	 	 	0	 	 	 	0	 	 	0	 	 	 	1	1.29	 	 	 	 	 	1	1.29	 	 	 	 	 	1	 	TROPICANA	 	1.29	NAKED 3.49 BOLTHOUSE 3.39	 	 	 	 	 	 	 	 	 	 	 	 	 	 	 	 	 	 	 	 	1	1	2	1	1	1.89	 	 	 	 	 	1	1.89	 	 	 	 	 	1	3.5	 	 	 	 	 	0	 	 	 	 	 	 	1	5.49	 	 	 	 	 	 	 	 	 	 	 	 	1	MINUTE MAID	 	 	3.79	 	 	 	 	 	 	 	1	 	 	OTHER	 	WELCH 4.29 SSIPS  4.69 EARTH WISE 3.19 EARH WISE POMEGRANATE 2.89 DOLLARS	 	 	 	 	 	 	1	1	6	GROCERY	C TOWN 885 BERGEN AVE JERSEY CITY
3	1	G239	1	1	.89	 	 	 	 	 	0	 	 	0	 	 	 	0	 	 	0	 	 	 	0	 	 	0	 	 	 	1	1.75	 	 	 	 	 	1	1.75	 	 	 	 	 	0	 	 	 	 	 	1	 	TROPICANA	 	14	1.49	 	0	 	 	 	 	 	 	0	 	 	 	 	 	1	0	1	1	1	1.5	 	 	 	 	 	1	1.5	 	 	 	 	 	0	 	 	 	 	 	 	0	 	 	 	 	 	 	1	5.49	 	 	 	 	 	1	5.49	 	 	 	 	 	1	MINUTE MAID	TROPICANA	 	 	TROPICANA 3.89$  MIN MAID 2.49	 	 	 	 	 	 	1	MINUTE MAID	TROPICANA	 	 	TROP 3.89 $ MIN MAID 2.49	 	 	 	 	 	 	1	1	6	GROCERY	 
3	2	G239	1	1	.99	 	 	 	 	 	1	.99	 	 	 	 	 	0	 	 	0	 	 	 	0	 	 	0	 	 	 	0	 	 	0	 	 	 	1	1.75	 	 	 	 	 	0	 	 	 	 	 	1	 	TROPICANA	 	14	1.49	 	0	 	 	 	 	 	 	1	 	 	OTHER	.99	HAVE SOME IMPORTED FROM BRAZIL DRINKS. IE. GUARANA AND SUMOL	1	1	3	1	1	1.79	 	 	 	 	 	1	1.79	 	 	 	 	 	1	 	4.29/4.99; 8 PACK CAN/6 PACK 8 OZ BOTTLES	 	 	 	 	1	4.29	8 PACK CANS	 	 	 	 	1	4	REG PRICE 5.49	 	 	 	 	1	4	REG PRICE 5.49	 	 	 	 	1	 	TROPICANA	 	2.99	 	 	 	 	 	 	 	1	 	TROPICANA	 	2.29	 	 	 	 	 	 	 	1	1	3	GROCERY	73 WILSON ST.; NEWARK; NJ
